Date,Open,High,Low,Close,Volume,Adj Close
2015-07-01,1.563232765,1.563232765,1.563232765,1.563232765,0,0
2015-06-30,1.572821642,1.572821642,1.572821642,1.572821642,0,0
2015-06-29,1.574307305,1.574307305,1.574307305,1.574307305,0,0
2015-06-26,1.572821642,1.572821642,1.572821642,1.572821642,0,0
2015-06-25,1.572327044,1.572327044,1.572327044,1.572327044,0,0
2015-06-24,1.572079862,1.572079862,1.572079862,1.572079862,0,0
2015-06-23,1.572821642,1.572821642,1.572821642,1.572821642,0,0
2015-06-22,1.581777918,1.581777918,1.581777918,1.581777918,0,0
2015-06-19,1.588310038,1.588310038,1.588310038,1.588310038,0,0
2015-06-18,1.588057805,1.588057805,1.588057805,1.588057805,0,0
2015-06-17,1.571091909,1.571091909,1.571091909,1.571091909,0,0
2015-06-16,1.562744179,1.562744179,1.562744179,1.562744179,0,0
2015-06-15,1.554243084,1.554243084,1.554243084,1.554243084,0,0
2015-06-12,1.556904873,1.556904873,1.556904873,1.556904873,0,0
2015-06-11,1.549186677,1.549186677,1.549186677,1.549186677,0,0
2015-06-10,1.554001554,1.554001554,1.554001554,1.554001554,0,0
2015-06-09,1.531628121,1.531628121,1.531628121,1.531628121,0,0
2015-06-05,1.524157903,1.524157903,1.524157903,1.524157903,0,0
2015-06-04,1.536570375,1.536570375,1.536570375,1.536570375,0,0
2015-06-03,1.533036946,1.533036946,1.533036946,1.533036946,0,0
2015-06-02,1.532801962,1.532801962,1.532801962,1.532801962,0,0
2015-06-01,1.520681265,1.520681265,1.520681265,1.520681265,0,0
2015-05-29,1.526018617,1.526018617,1.526018617,1.526018617,0,0
2015-05-28,1.529285824,1.529285824,1.529285824,1.529285824,0,0
2015-05-27,1.533272002,1.533272002,1.533272002,1.533272002,0,0
2015-05-26,1.538461538,1.538461538,1.538461538,1.538461538,0,0
2015-05-22,1.550147264,1.550147264,1.550147264,1.550147264,0,0
2015-05-21,1.566661444,1.566661444,1.566661444,1.566661444,0,0
2015-05-20,1.555693839,1.555693839,1.555693839,1.555693839,0,0
2015-05-19,1.550628004,1.550628004,1.550628004,1.550628004,0,0
2015-05-18,1.568135487,1.568135487,1.568135487,1.568135487,0,0
2015-05-15,1.578781181,1.578781181,1.578781181,1.578781181,0,0
2015-05-14,1.575795777,1.575795777,1.575795777,1.575795777,0,0
2015-05-13,1.572821642,1.572821642,1.572821642,1.572821642,0,0
2015-05-12,1.56641604,1.56641604,1.56641604,1.56641604,0,0
2015-05-11,1.556178027,1.556178027,1.556178027,1.556178027,0,0
2015-05-08,1.542257866,1.542257866,1.542257866,1.542257866,0,0
2015-05-07,1.51998784,1.51998784,1.51998784,1.51998784,0,0
2015-05-06,1.524855139,1.524855139,1.524855139,1.524855139,0,0
2015-05-05,1.519295047,1.519295047,1.519295047,1.519295047,0,0
2015-05-04,1.518487586,1.518487586,1.518487586,1.518487586,0,0
2015-05-01,1.517680983,1.517680983,1.517680983,1.517680983,0,0
2015-04-30,1.536806516,1.536806516,1.536806516,1.536806516,0,0
2015-04-29,1.545356205,1.545356205,1.545356205,1.545356205,0,0
2015-04-28,1.53233221,1.53233221,1.53233221,1.53233221,0,0
2015-04-27,1.5211439,1.5211439,1.5211439,1.5211439,0,0
2015-04-24,1.516530179,1.516530179,1.516530179,1.516530179,0,0
2015-04-23,1.505343971,1.505343971,1.505343971,1.505343971,0,0
2015-04-22,1.503533303,1.503533303,1.503533303,1.503533303,0,0
2015-04-21,1.493205913,1.493205913,1.493205913,1.493205913,0,0
2015-04-20,1.49142431,1.49142431,1.49142431,1.49142431,0,0
2015-04-17,1.496110114,1.496110114,1.496110114,1.496110114,0,0
2015-04-16,1.489868892,1.489868892,1.489868892,1.489868892,0,0
2015-04-15,1.476668636,1.476668636,1.476668636,1.476668636,0,0
2015-04-14,1.479071143,1.479071143,1.479071143,1.479071143,0,0
2015-04-13,1.464128843,1.464128843,1.464128843,1.464128843,0,0
2015-04-10,1.465201465,1.465201465,1.465201465,1.465201465,0,0
2015-04-09,1.473622163,1.473622163,1.473622163,1.473622163,0,0
2015-04-08,1.49231458,1.49231458,1.49231458,1.49231458,0,0
2015-04-07,1.486767767,1.486767767,1.486767767,1.486767767,0,0
2015-04-02,1.482799526,1.482799526,1.482799526,1.482799526,0,0
2015-04-01,1.481700993,1.481700993,1.481700993,1.481700993,0,0
2015-03-31,1.484780995,1.484780995,1.484780995,1.484780995,0,0
2015-03-30,1.480604086,1.480604086,1.480604086,1.480604086,0,0
2015-03-27,1.487873828,1.487873828,1.487873828,1.487873828,0,0
2015-03-26,1.484340211,1.484340211,1.484340211,1.484340211,0,0
2015-03-25,1.49142431,1.49142431,1.49142431,1.49142431,0,0
2015-03-24,1.486767767,1.486767767,1.486767767,1.486767767,0,0
2015-03-23,1.493651979,1.493651979,1.493651979,1.493651979,0,0
2015-03-20,1.492091913,1.492091913,1.492091913,1.492091913,0,0
2015-03-19,1.47275405,1.47275405,1.47275405,1.47275405,0,0
2015-03-18,1.468644441,1.468644441,1.468644441,1.468644441,0,0
2015-03-17,1.47427392,1.47427392,1.47427392,1.47427392,0,0
2015-03-16,1.479946722,1.479946722,1.479946722,1.479946722,0,0
2015-03-13,1.475579165,1.475579165,1.475579165,1.475579165,0,0
2015-03-12,1.490535102,1.490535102,1.490535102,1.490535102,0,0
2015-03-11,1.494544911,1.494544911,1.494544911,1.494544911,0,0
2015-03-10,1.508523156,1.508523156,1.508523156,1.508523156,0,0
2015-03-09,1.509661836,1.509661836,1.509661836,1.509661836,0,0
2015-03-06,1.506024096,1.506024096,1.506024096,1.506024096,0,0
2015-03-05,1.523693433,1.523693433,1.523693433,1.523693433,0,0
2015-03-04,1.526950679,1.526950679,1.526950679,1.526950679,0,0
2015-03-03,1.537279016,1.537279016,1.537279016,1.537279016,0,0
2015-03-02,1.53609831,1.53609831,1.53609831,1.53609831,0,0
2015-02-27,1.545117429,1.545117429,1.545117429,1.545117429,0,0
2015-02-26,1.541069502,1.541069502,1.541069502,1.541069502,0,0
2015-02-25,1.54870683,1.54870683,1.54870683,1.54870683,0,0
2015-02-24,1.545833977,1.545833977,1.545833977,1.545833977,0,0
2015-02-23,1.544878727,1.544878727,1.544878727,1.544878727,0,0
2015-02-20,1.537515375,1.537515375,1.537515375,1.537515375,0,0
2015-02-19,1.543924656,1.543924656,1.543924656,1.543924656,0,0
2015-02-18,1.544640099,1.544640099,1.544640099,1.544640099,0,0
2015-02-17,1.533507131,1.533507131,1.533507131,1.533507131,0,0
2015-02-13,1.539408867,1.539408867,1.539408867,1.539408867,0,0
2015-02-12,1.536334306,1.536334306,1.536334306,1.536334306,0,0
2015-02-11,1.526484506,1.526484506,1.526484506,1.526484506,0,0
2015-02-10,1.526018617,1.526018617,1.526018617,1.526018617,0,0
2015-02-09,1.523925632,1.523925632,1.523925632,1.523925632,0,0
2015-02-06,1.526950679,1.526950679,1.526950679,1.526950679,0,0
2015-02-05,1.528584531,1.528584531,1.528584531,1.528584531,0,0
2015-02-04,1.521606817,1.521606817,1.521606817,1.521606817,0,0
2015-02-03,1.511487304,1.511487304,1.511487304,1.511487304,0,0
2015-02-02,1.503533303,1.503533303,1.503533303,1.503533303,0,0
2015-01-30,1.501726986,1.501726986,1.501726986,1.501726986,0,0
2015-01-29,1.507613448,1.507613448,1.507613448,1.507613448,0,0
2015-01-28,1.517911354,1.517911354,1.517911354,1.517911354,0,0
2015-01-27,1.520450053,1.520450053,1.520450053,1.520450053,0,0
2015-01-23,1.502629602,1.502629602,1.502629602,1.502629602,0,0
2015-01-22,1.508523156,1.508523156,1.508523156,1.508523156,0,0
2015-01-21,1.511487304,1.511487304,1.511487304,1.511487304,0,0
2015-01-20,1.519525908,1.519525908,1.519525908,1.519525908,0,0
2015-01-16,1.511258879,1.511258879,1.511258879,1.511258879,0,0
2015-01-15,1.5167602,1.5167602,1.5167602,1.5167602,0,0
2015-01-14,1.521375323,1.521375323,1.521375323,1.521375323,0,0
2015-01-13,1.517680983,1.517680983,1.517680983,1.517680983,0,0
2015-01-12,1.513775356,1.513775356,1.513775356,1.513775356,0,0
2015-01-09,1.514692517,1.514692517,1.514692517,1.514692517,0,0
2015-01-08,1.508295626,1.508295626,1.508295626,1.508295626,0,0
2015-01-07,1.506250941,1.506250941,1.506250941,1.506250941,0,0
2015-01-06,1.516990291,1.516990291,1.516990291,1.516990291,0,0
2015-01-05,1.523925632,1.523925632,1.523925632,1.523925632,0,0
2015-01-02,1.538698261,1.538698261,1.538698261,1.538698261,0,0
2014-12-31,1.560792883,1.560792883,1.560792883,1.560792883,0,0
2014-12-30,1.555935895,1.555935895,1.555935895,1.555935895,0,0
2014-12-29,1.552795031,1.552795031,1.552795031,1.552795031,0,0
2014-12-24,1.554243084,1.554243084,1.554243084,1.554243084,0,0
2014-12-23,1.552312946,1.552312946,1.552312946,1.552312946,0,0
2014-12-22,1.562988434,1.562988434,1.562988434,1.562988434,0,0
2014-12-19,1.563721658,1.563721658,1.563721658,1.563721658,0,0
2014-12-18,1.563477173,1.563477173,1.563477173,1.563477173,0,0
2014-12-17,1.564210856,1.564210856,1.564210856,1.564210856,0,0
2014-12-16,1.572821642,1.572821642,1.572821642,1.572821642,0,0
2014-12-15,1.56128025,1.56128025,1.56128025,1.56128025,0,0
2014-12-12,1.570105197,1.570105197,1.570105197,1.570105197,0,0
2014-12-11,1.569858713,1.569858713,1.569858713,1.569858713,0,0
2014-12-10,1.569365976,1.569365976,1.569365976,1.569365976,0,0
2014-12-09,1.569119724,1.569119724,1.569119724,1.569119724,0,0
2014-12-08,1.562011871,1.562011871,1.562011871,1.562011871,0,0
2014-12-05,1.559089492,1.559089492,1.559089492,1.559089492,0,0
2014-12-04,1.570105197,1.570105197,1.570105197,1.570105197,0,0
2014-12-03,1.571338781,1.571338781,1.571338781,1.571338781,0,0
2014-12-02,1.565190171,1.565190171,1.565190171,1.565190171,0,0
2014-12-01,1.572079862,1.572079862,1.572079862,1.572079862,0,0
2014-11-28,1.56641604,1.56641604,1.56641604,1.56641604,0,0
2014-11-26,1.579279848,1.579279848,1.579279848,1.579279848,0,0
2014-11-25,1.572574304,1.572574304,1.572574304,1.572574304,0,0
2014-11-24,1.569858713,1.569858713,1.569858713,1.569858713,0,0
2014-11-21,1.567889621,1.567889621,1.567889621,1.567889621,0,0
2014-11-20,1.570351759,1.570351759,1.570351759,1.570351759,0,0
2014-11-19,1.566661444,1.566661444,1.566661444,1.566661444,0,0
2014-11-18,1.564455569,1.564455569,1.564455569,1.564455569,0,0
2014-11-17,1.564945227,1.564945227,1.564945227,1.564945227,0,0
2014-11-14,1.56470036,1.56470036,1.56470036,1.56470036,0,0
2014-11-13,1.573564123,1.573564123,1.573564123,1.573564123,0,0
2014-11-12,1.583029919,1.583029919,1.583029919,1.583029919,0,0
2014-11-11,1.587301587,1.587301587,1.587301587,1.587301587,0,0
2014-11-10,1.587049675,1.587049675,1.587049675,1.587049675,0,0
2014-11-07,1.584283904,1.584283904,1.584283904,1.584283904,0,0
2014-11-06,1.590330789,1.590330789,1.590330789,1.590330789,0,0
2014-11-05,1.597699313,1.597699313,1.597699313,1.597699313,0,0
2014-11-04,1.600768369,1.600768369,1.600768369,1.600768369,0,0
2014-11-03,1.597699313,1.597699313,1.597699313,1.597699313,0,0
2014-10-31,1.6,1.6,1.6,1.6,0,0
2014-10-30,1.602307323,1.602307323,1.602307323,1.602307323,0,0
2014-10-29,1.61498708,1.61498708,1.61498708,1.61498708,0,0
2014-10-28,1.615508885,1.615508885,1.615508885,1.615508885,0,0
2014-10-27,1.613423685,1.613423685,1.613423685,1.613423685,0,0
2014-10-24,1.608234159,1.608234159,1.608234159,1.608234159,0,0
2014-10-23,1.60307791,1.60307791,1.60307791,1.60307791,0,0
2014-10-22,1.605136437,1.605136437,1.605136437,1.605136437,0,0
2014-10-21,1.613163413,1.613163413,1.613163413,1.613163413,0,0
2014-10-20,1.613163413,1.613163413,1.613163413,1.613163413,0,0
2014-10-17,1.609528408,1.609528408,1.609528408,1.609528408,0,0
2014-10-16,1.602050625,1.602050625,1.602050625,1.602050625,0,0
2014-10-15,1.594133588,1.594133588,1.594133588,1.594133588,0,0
2014-10-14,1.591849729,1.591849729,1.591849729,1.591849729,0,0
2014-10-13,1.605651895,1.605651895,1.605651895,1.605651895,0,0
2014-10-10,1.60307791,1.60307791,1.60307791,1.60307791,0,0
2014-10-09,1.616292226,1.616292226,1.616292226,1.616292226,0,0
2014-10-08,1.607717042,1.607717042,1.607717042,1.607717042,0,0
2014-10-07,1.608492842,1.608492842,1.608492842,1.608492842,0,0
2014-10-03,1.596169194,1.596169194,1.596169194,1.596169194,0,0
2014-10-02,1.611863314,1.611863314,1.611863314,1.611863314,0,0
2014-10-01,1.62022035,1.62022035,1.62022035,1.62022035,0,0
2014-09-30,1.621271077,1.621271077,1.621271077,1.621271077,0,0
2014-09-29,1.624167614,1.624167614,1.624167614,1.624167614,0,0
2014-09-26,1.624431449,1.624431449,1.624431449,1.624431449,0,0
2014-09-25,1.632386549,1.632386549,1.632386549,1.632386549,0,0
2014-09-24,1.634788295,1.634788295,1.634788295,1.634788295,0,0
2014-09-23,1.636125654,1.636125654,1.636125654,1.636125654,0,0
2014-09-22,1.632653061,1.632653061,1.632653061,1.632653061,0,0
2014-09-19,1.63132137,1.63132137,1.63132137,1.63132137,0,0
2014-09-18,1.638806949,1.638806949,1.638806949,1.638806949,0,0
2014-09-17,1.632386549,1.632386549,1.632386549,1.632386549,0,0
2014-09-16,1.621796951,1.621796951,1.621796951,1.621796951,0,0
2014-09-15,1.623376623,1.623376623,1.623376623,1.623376623,0,0
2014-09-12,1.622849724,1.622849724,1.622849724,1.622849724,0,0
2014-09-11,1.623376623,1.623376623,1.623376623,1.623376623,0,0
2014-09-10,1.614726304,1.614726304,1.614726304,1.614726304,0,0
2014-09-09,1.610565308,1.610565308,1.610565308,1.610565308,0,0
2014-09-08,1.616031028,1.616031028,1.616031028,1.616031028,0,0
2014-09-05,1.632120124,1.632120124,1.632120124,1.632120124,0,0
2014-09-04,1.639881929,1.639881929,1.639881929,1.639881929,0,0
2014-09-03,1.645278052,1.645278052,1.645278052,1.645278052,0,0
2014-09-02,1.650709805,1.650709805,1.650709805,1.650709805,0,0
2014-08-29,1.660853679,1.660853679,1.660853679,1.660853679,0,0
2014-08-28,1.658099818,1.658099818,1.658099818,1.658099818,0,0
2014-08-27,1.658374793,1.658374793,1.658374793,1.658374793,0,0
2014-08-26,1.657824934,1.657824934,1.657824934,1.657824934,0,0
2014-08-25,1.657412779,1.657412779,1.657412779,1.657412779,0,0
2014-08-22,1.657000829,1.657000829,1.657000829,1.657000829,0,0
2014-08-21,1.659751037,1.659751037,1.659751037,1.659751037,0,0
2014-08-20,1.664724488,1.664724488,1.664724488,1.664724488,0,0
2014-08-19,1.661681622,1.661681622,1.661681622,1.661681622,0,0
2014-08-18,1.672240803,1.672240803,1.672240803,1.672240803,0,0
2014-08-15,1.668613382,1.668613382,1.668613382,1.668613382,0,0
2014-08-14,1.668613382,1.668613382,1.668613382,1.668613382,0,0
2014-08-13,1.669449082,1.669449082,1.669449082,1.669449082,0,0
2014-08-12,1.680672269,1.680672269,1.680672269,1.680672269,0,0
2014-08-11,1.678979181,1.678979181,1.678979181,1.678979181,0,0
2014-08-08,1.679825298,1.679825298,1.679825298,1.679825298,0,0
2014-08-07,1.684352367,1.684352367,1.684352367,1.684352367,0,0
2014-08-06,1.683218313,1.683218313,1.683218313,1.683218313,0,0
2014-08-05,1.687194196,1.687194196,1.687194196,1.687194196,0,0
2014-08-01,1.683785149,1.683785149,1.683785149,1.683785149,0,0
2014-07-31,1.688333615,1.688333615,1.688333615,1.688333615,0,0
2014-07-30,1.690331305,1.690331305,1.690331305,1.690331305,0,0
2014-07-29,1.694628029,1.694628029,1.694628029,1.694628029,0,0
2014-07-28,1.700102006,1.700102006,1.700102006,1.700102006,0,0
2014-07-25,1.697504668,1.697504668,1.697504668,1.697504668,0,0
2014-07-24,1.697504668,1.697504668,1.697504668,1.697504668,0,0
2014-07-23,1.704158146,1.704158146,1.704158146,1.704158146,0,0
2014-07-22,1.705902422,1.705902422,1.705902422,1.705902422,0,0
2014-07-21,1.706484642,1.706484642,1.706484642,1.706484642,0,0
2014-07-18,1.7067759,1.7067759,1.7067759,1.7067759,0,0
2014-07-17,1.709401709,1.709401709,1.709401709,1.709401709,0,0
2014-07-16,1.714089818,1.714089818,1.714089818,1.714089818,0,0
2014-07-15,1.714383679,1.714383679,1.714383679,1.714383679,0,0
2014-07-14,1.708817498,1.708817498,1.708817498,1.708817498,0,0
2014-07-11,1.710278775,1.710278775,1.710278775,1.710278775,0,0
2014-07-10,1.711156742,1.711156742,1.711156742,1.711156742,0,0
2014-07-09,1.713796058,1.713796058,1.713796058,1.713796058,0,0
2014-07-08,1.71203561,1.71203561,1.71203561,1.71203561,0,0
2014-07-07,1.712915382,1.712915382,1.712915382,1.712915382,0,0
2014-07-03,1.714383679,1.714383679,1.714383679,1.714383679,0,0
2014-07-02,1.717032967,1.717032967,1.717032967,1.717032967,0,0
2014-07-01,1.713796058,1.713796058,1.713796058,1.713796058,0,0
2014-06-30,1.709693965,1.709693965,1.709693965,1.709693965,0,0
2014-06-27,1.701548409,1.701548409,1.701548409,1.701548409,0,0
2014-06-26,1.700680272,1.700680272,1.700680272,1.700680272,0,0
2014-06-25,1.698081168,1.698081168,1.698081168,1.698081168,0,0
2014-06-24,1.697216565,1.697216565,1.697216565,1.697216565,0,0
2014-06-23,1.700680272,1.700680272,1.700680272,1.700680272,0,0
2014-06-20,1.701837985,1.701837985,1.701837985,1.701837985,0,0
2014-06-19,1.705611462,1.705611462,1.705611462,1.705611462,0,0
2014-06-18,1.693766938,1.693766938,1.693766938,1.693766938,0,0
2014-06-17,1.696928559,1.696928559,1.696928559,1.696928559,0,0
2014-06-16,1.69865806,1.69865806,1.69865806,1.69865806,0,0
2014-06-13,1.696065129,1.696065129,1.696065129,1.696065129,0,0
2014-06-12,1.68406871,1.68406871,1.68406871,1.68406871,0,0
2014-06-11,1.678697331,1.678697331,1.678697331,1.678697331,0,0
2014-06-10,1.676164935,1.676164935,1.676164935,1.676164935,0,0
2014-06-06,1.678979181,1.678979181,1.678979181,1.678979181,0,0
2014-06-05,1.679261125,1.679261125,1.679261125,1.679261125,0,0
2014-06-04,1.6753225,1.6753225,1.6753225,1.6753225,0,0
2014-06-03,1.673920321,1.673920321,1.673920321,1.673920321,0,0
2014-06-02,1.675603217,1.675603217,1.675603217,1.675603217,0,0
2014-05-30,1.6772895,1.6772895,1.6772895,1.6772895,0,0
2014-05-29,1.671681712,1.671681712,1.671681712,1.671681712,0,0
2014-05-28,1.670564651,1.670564651,1.670564651,1.670564651,0,0
2014-05-27,1.68038985,1.68038985,1.68038985,1.68038985,0,0
2014-05-23,1.68406871,1.68406871,1.68406871,1.68406871,0,0
2014-05-22,1.685772084,1.685772084,1.685772084,1.685772084,0,0
2014-05-21,1.687763713,1.687763713,1.687763713,1.687763713,0,0
2014-05-20,1.684636119,1.684636119,1.684636119,1.684636119,0,0
2014-05-19,1.682651859,1.682651859,1.682651859,1.682651859,0,0
2014-05-16,1.682935039,1.682935039,1.682935039,1.682935039,0,0
2014-05-15,1.679543164,1.679543164,1.679543164,1.679543164,0,0
2014-05-14,1.677570877,1.677570877,1.677570877,1.677570877,0,0
2014-05-13,1.683785149,1.683785149,1.683785149,1.683785149,0,0
2014-05-12,1.687194196,1.687194196,1.687194196,1.687194196,0,0
2014-05-09,1.68406871,1.68406871,1.68406871,1.68406871,0,0
2014-05-08,1.695202577,1.695202577,1.695202577,1.695202577,0,0
2014-05-07,1.696640652,1.696640652,1.696640652,1.696640652,0,0
2014-05-06,1.699235344,1.699235344,1.699235344,1.699235344,0,0
2014-05-05,1.693193363,1.693193363,1.693193363,1.693193363,0,0
2014-05-02,1.687194196,1.687194196,1.687194196,1.687194196,0,0
2014-05-01,1.689474573,1.689474573,1.689474573,1.689474573,0,0
2014-04-30,1.68861871,1.68861871,1.68861871,1.68861871,0,0
2014-04-29,1.684352367,1.684352367,1.684352367,1.684352367,0,0
2014-04-28,1.680672269,1.680672269,1.680672269,1.680672269,0,0
2014-04-24,1.680107527,1.680107527,1.680107527,1.680107527,0,0
2014-04-23,1.677852349,1.677852349,1.677852349,1.677852349,0,0
2014-04-22,1.682368775,1.682368775,1.682368775,1.682368775,0,0
2014-04-17,1.680672269,1.680672269,1.680672269,1.680672269,0,0
2014-04-16,1.678979181,1.678979181,1.678979181,1.678979181,0,0
2014-04-15,1.673080141,1.673080141,1.673080141,1.673080141,0,0
2014-04-14,1.673360107,1.673360107,1.673360107,1.673360107,0,0
2014-04-11,1.67196121,1.67196121,1.67196121,1.67196121,0,0
2014-04-10,1.677570877,1.677570877,1.677570877,1.677570877,0,0
2014-04-09,1.674761347,1.674761347,1.674761347,1.674761347,0,0
2014-04-08,1.674761347,1.674761347,1.674761347,1.674761347,0,0
2014-04-07,1.661129568,1.661129568,1.661129568,1.661129568,0,0
2014-04-04,1.658925017,1.658925017,1.658925017,1.658925017,0,0
2014-04-03,1.658649859,1.658649859,1.658649859,1.658649859,0,0
2014-04-02,1.663616703,1.663616703,1.663616703,1.663616703,0,0
2014-04-01,1.663616703,1.663616703,1.663616703,1.663616703,0,0
2014-03-31,1.667222407,1.667222407,1.667222407,1.667222407,0,0
2014-03-28,1.663616703,1.663616703,1.663616703,1.663616703,0,0
2014-03-27,1.661129568,1.661129568,1.661129568,1.661129568,0,0
2014-03-26,1.65645188,1.65645188,1.65645188,1.65645188,0,0
2014-03-25,1.650709805,1.650709805,1.650709805,1.650709805,0,0
2014-03-24,1.648804617,1.648804617,1.648804617,1.648804617,0,0
2014-03-21,1.649348507,1.649348507,1.649348507,1.649348507,0,0
2014-03-20,1.650982334,1.650982334,1.650982334,1.650982334,0,0
2014-03-19,1.662786831,1.662786831,1.662786831,1.662786831,0,0
2014-03-18,1.657275439,1.657275439,1.657275439,1.657275439,0,0
2014-03-17,1.664447403,1.664447403,1.664447403,1.664447403,0,0
2014-03-14,1.662786831,1.662786831,1.662786831,1.662786831,0,0
2014-03-13,1.667778519,1.667778519,1.667778519,1.667778519,0,0
2014-03-12,1.660577881,1.660577881,1.660577881,1.660577881,0,0
2014-03-11,1.662786831,1.662786831,1.662786831,1.662786831,0,0
2014-03-10,1.663339987,1.663339987,1.663339987,1.663339987,0,0
2014-03-07,1.672240803,1.672240803,1.672240803,1.672240803,0,0
2014-03-06,1.671681712,1.671681712,1.671681712,1.671681712,0,0
2014-03-05,1.673080141,1.673080141,1.673080141,1.673080141,0,0
2014-03-04,1.667222407,1.667222407,1.667222407,1.667222407,0,0
2014-03-03,1.671681712,1.671681712,1.671681712,1.671681712,0,0
2014-02-28,1.675884029,1.675884029,1.675884029,1.675884029,0,0
2014-02-27,1.667222407,1.667222407,1.667222407,1.667222407,0,0
2014-02-26,1.664170411,1.664170411,1.664170411,1.664170411,0,0
2014-02-25,1.668335002,1.668335002,1.668335002,1.668335002,0,0
2014-02-24,1.663063363,1.663063363,1.663063363,1.663063363,0,0
2014-02-21,1.668613382,1.668613382,1.668613382,1.668613382,0,0
2014-02-20,1.66583375,1.66583375,1.66583375,1.66583375,0,0
2014-02-19,1.671402307,1.671402307,1.671402307,1.671402307,0,0
2014-02-18,1.669727834,1.669727834,1.669727834,1.669727834,0,0
2014-02-14,1.673360107,1.673360107,1.673360107,1.673360107,0,0
2014-02-13,1.663616703,1.663616703,1.663616703,1.663616703,0,0
2014-02-12,1.658374793,1.658374793,1.658374793,1.658374793,0,0
2014-02-11,1.648532806,1.648532806,1.648532806,1.648532806,0,0
2014-02-10,1.639881929,1.639881929,1.639881929,1.639881929,0,0
2014-02-07,1.639344262,1.639344262,1.639344262,1.639344262,0,0
2014-02-06,1.632386549,1.632386549,1.632386549,1.632386549,0,0
2014-02-05,1.630523398,1.630523398,1.630523398,1.630523398,0,0
2014-02-04,1.629726206,1.629726206,1.629726206,1.629726206,0,0
2014-02-03,1.633186347,1.633186347,1.633186347,1.633186347,0,0
2014-01-31,1.643385374,1.643385374,1.643385374,1.643385374,0,0
2014-01-30,1.649892757,1.649892757,1.649892757,1.649892757,0,0
2014-01-29,1.655081099,1.655081099,1.655081099,1.655081099,0,0
2014-01-28,1.658374793,1.658374793,1.658374793,1.658374793,0,0
2014-01-24,1.650165017,1.650165017,1.650165017,1.650165017,0,0
2014-01-23,1.663063363,1.663063363,1.663063363,1.663063363,0,0
2014-01-22,1.658099818,1.658099818,1.658099818,1.658099818,0,0
2014-01-21,1.646361541,1.646361541,1.646361541,1.646361541,0,0
2014-01-17,1.644466371,1.644466371,1.644466371,1.644466371,0,0
2014-01-16,1.634521085,1.634521085,1.634521085,1.634521085,0,0
2014-01-15,1.635055592,1.635055592,1.635055592,1.635055592,0,0
2014-01-14,1.646090535,1.646090535,1.646090535,1.646090535,0,0
2014-01-13,1.638269987,1.638269987,1.638269987,1.638269987,0,0
2014-01-10,1.648532806,1.648532806,1.648532806,1.648532806,0,0
2014-01-09,1.646361541,1.646361541,1.646361541,1.646361541,0,0
2014-01-08,1.646903821,1.646903821,1.646903821,1.646903821,0,0
2014-01-07,1.639881929,1.639881929,1.639881929,1.639881929,0,0
2014-01-06,1.641227638,1.641227638,1.641227638,1.641227638,0,0
2014-01-03,1.644466371,1.644466371,1.644466371,1.644466371,0,0
2014-01-02,1.64365549,1.64365549,1.64365549,1.64365549,0,0
2013-12-31,1.652892562,1.652892562,1.652892562,1.652892562,0,0
2013-12-30,1.652619402,1.652619402,1.652619402,1.652619402,0,0
2013-12-27,1.649348507,1.649348507,1.649348507,1.649348507,0,0
2013-12-24,1.636125654,1.636125654,1.636125654,1.636125654,0,0
2013-12-23,1.635590448,1.635590448,1.635590448,1.635590448,0,0
2013-12-20,1.635590448,1.635590448,1.635590448,1.635590448,0,0
2013-12-19,1.636393389,1.636393389,1.636393389,1.636393389,0,0
2013-12-18,1.639075561,1.639075561,1.639075561,1.639075561,0,0
2013-12-17,1.624167614,1.624167614,1.624167614,1.624167614,0,0
2013-12-16,1.62999185,1.62999185,1.62999185,1.62999185,0,0
2013-12-13,1.627604167,1.627604167,1.627604167,1.627604167,0,0
2013-12-12,1.632386549,1.632386549,1.632386549,1.632386549,0,0
2013-12-11,1.636929121,1.636929121,1.636929121,1.636929121,0,0
2013-12-10,1.642575558,1.642575558,1.642575558,1.642575558,0,0
2013-12-09,1.638806949,1.638806949,1.638806949,1.638806949,0,0
2013-12-06,1.635322976,1.635322976,1.635322976,1.635322976,0,0
2013-12-05,1.632120124,1.632120124,1.632120124,1.632120124,0,0
2013-12-04,1.634521085,1.634521085,1.634521085,1.634521085,0,0
2013-12-03,1.641497045,1.641497045,1.641497045,1.641497045,0,0
2013-12-02,1.636929121,1.636929121,1.636929121,1.636929121,0,0
2013-11-29,1.638269987,1.638269987,1.638269987,1.638269987,0,0
2013-11-27,1.627604167,1.627604167,1.627604167,1.627604167,0,0
2013-11-26,1.618122977,1.618122977,1.618122977,1.618122977,0,0
2013-11-25,1.615508885,1.615508885,1.615508885,1.615508885,0,0
2013-11-22,1.618646811,1.618646811,1.618646811,1.618646811,0,0
2013-11-21,1.61498708,1.61498708,1.61498708,1.61498708,0,0
2013-11-20,1.617337862,1.617337862,1.617337862,1.617337862,0,0
2013-11-19,1.610305958,1.610305958,1.610305958,1.610305958,0,0
2013-11-18,1.611343861,1.611343861,1.611343861,1.611343861,0,0
2013-11-15,1.609269392,1.609269392,1.609269392,1.609269392,0,0
2013-11-14,1.609269392,1.609269392,1.609269392,1.609269392,0,0
2013-11-13,1.598721023,1.598721023,1.598721023,1.598721023,0,0
2013-11-12,1.592610288,1.592610288,1.592610288,1.592610288,0,0
2013-11-11,1.597188947,1.597188947,1.597188947,1.597188947,0,0
2013-11-08,1.599488164,1.599488164,1.599488164,1.599488164,0,0
2013-11-07,1.604621309,1.604621309,1.604621309,1.604621309,0,0
2013-11-06,1.607975559,1.607975559,1.607975559,1.607975559,0,0
2013-11-05,1.60436387,1.60436387,1.60436387,1.60436387,0,0
2013-11-04,1.595150742,1.595150742,1.595150742,1.595150742,0,0
2013-11-01,1.592103168,1.592103168,1.592103168,1.592103168,0,0
2013-10-31,1.606683805,1.606683805,1.606683805,1.606683805,0,0
2013-10-30,1.607717042,1.607717042,1.607717042,1.607717042,0,0
2013-10-29,1.605909748,1.605909748,1.605909748,1.605909748,0,0
2013-10-28,1.613163413,1.613163413,1.613163413,1.613163413,0,0
2013-10-25,1.616814875,1.616814875,1.616814875,1.616814875,0,0
2013-10-24,1.616814875,1.616814875,1.616814875,1.616814875,0,0
2013-10-23,1.616814875,1.616814875,1.616814875,1.616814875,0,0
2013-10-22,1.621271077,1.621271077,1.621271077,1.621271077,0,0
2013-10-21,1.615769914,1.615769914,1.615769914,1.615769914,0,0
2013-10-18,1.618908855,1.618908855,1.618908855,1.618908855,0,0
2013-10-17,1.614726304,1.614726304,1.614726304,1.614726304,0,0
2013-10-16,1.593117731,1.593117731,1.593117731,1.593117731,0,0
2013-10-15,1.596678908,1.596678908,1.596678908,1.596678908,0,0
2013-10-14,1.601537476,1.601537476,1.601537476,1.601537476,0,0
2013-10-11,1.594642003,1.594642003,1.594642003,1.594642003,0,0
2013-10-10,1.595405233,1.595405233,1.595405233,1.595405233,0,0
2013-10-09,1.593117731,1.593117731,1.593117731,1.593117731,0,0
2013-10-08,1.610824742,1.610824742,1.610824742,1.610824742,0,0
2013-10-04,1.607200257,1.607200257,1.607200257,1.607200257,0,0
2013-10-03,1.617076326,1.617076326,1.617076326,1.617076326,0,0
2013-10-02,1.622849724,1.622849724,1.622849724,1.622849724,0,0
2013-10-01,1.620482904,1.620482904,1.620482904,1.620482904,0,0
2013-09-30,1.619433198,1.619433198,1.619433198,1.619433198,0,0
2013-09-27,1.612123166,1.612123166,1.612123166,1.612123166,0,0
2013-09-26,1.600512164,1.600512164,1.600512164,1.600512164,0,0
2013-09-25,1.606941989,1.606941989,1.606941989,1.606941989,0,0
2013-09-24,1.598465473,1.598465473,1.598465473,1.598465473,0,0
2013-09-23,1.60307791,1.60307791,1.60307791,1.60307791,0,0
2013-09-20,1.6,1.6,1.6,1.6,0,0
2013-09-19,1.606425703,1.606425703,1.606425703,1.606425703,0,0
2013-09-18,1.596933887,1.596933887,1.596933887,1.596933887,0,0
2013-09-17,1.590077914,1.590077914,1.590077914,1.590077914,0,0
2013-09-16,1.593625498,1.593625498,1.593625498,1.593625498,0,0
2013-09-13,1.586546089,1.586546089,1.586546089,1.586546089,0,0
2013-09-12,1.582528881,1.582528881,1.582528881,1.582528881,0,0
2013-09-11,1.581277672,1.581277672,1.581277672,1.581277672,0,0
2013-09-10,1.572079862,1.572079862,1.572079862,1.572079862,0,0
2013-09-09,1.572079862,1.572079862,1.572079862,1.572079862,0,0
2013-09-06,1.562988434,1.562988434,1.562988434,1.562988434,0,0
2013-09-05,1.559089492,1.559089492,1.559089492,1.559089492,0,0
2013-09-04,1.562988434,1.562988434,1.562988434,1.562988434,0,0
2013-09-03,1.553036186,1.553036186,1.553036186,1.553036186,0,0
2013-08-30,1.547029703,1.547029703,1.547029703,1.547029703,0,0
2013-08-29,1.549426712,1.549426712,1.549426712,1.549426712,0,0
2013-08-28,1.553760099,1.553760099,1.553760099,1.553760099,0,0
2013-08-27,1.554001554,1.554001554,1.554001554,1.554001554,0,0
2013-08-26,1.556662516,1.556662516,1.556662516,1.556662516,0,0
2013-08-23,1.559332606,1.559332606,1.559332606,1.559332606,0,0
2013-08-22,1.557389815,1.557389815,1.557389815,1.557389815,0,0
2013-08-21,1.568873549,1.568873549,1.568873549,1.568873549,0,0
2013-08-20,1.567889621,1.567889621,1.567889621,1.567889621,0,0
2013-08-19,1.566906926,1.566906926,1.566906926,1.566906926,0,0
2013-08-16,1.56128025,1.56128025,1.56128025,1.56128025,0,0
2013-08-15,1.555693839,1.555693839,1.555693839,1.555693839,0,0
2013-08-14,1.553760099,1.553760099,1.553760099,1.553760099,0,0
2013-08-13,1.546072975,1.546072975,1.546072975,1.546072975,0,0
2013-08-12,1.547987616,1.547987616,1.547987616,1.547987616,0,0
2013-08-09,1.552795031,1.552795031,1.552795031,1.552795031,0,0
2013-08-08,1.555451859,1.555451859,1.555451859,1.555451859,0,0
2013-08-07,1.551831161,1.551831161,1.551831161,1.551831161,0,0
2013-08-06,1.538461538,1.538461538,1.538461538,1.538461538,0,0
2013-08-02,1.527417138,1.527417138,1.527417138,1.527417138,0,0
2013-08-01,1.516070346,1.516070346,1.516070346,1.516070346,0,0
2013-07-31,1.516300227,1.516300227,1.516300227,1.516300227,0,0
2013-07-30,1.52578578,1.52578578,1.52578578,1.52578578,0,0
2013-07-29,1.534683855,1.534683855,1.534683855,1.534683855,0,0
2013-07-26,1.536806516,1.536806516,1.536806516,1.536806516,0,0
2013-07-25,1.531393568,1.531393568,1.531393568,1.531393568,0,0
2013-07-24,1.535626536,1.535626536,1.535626536,1.535626536,0,0
2013-07-23,1.536806516,1.536806516,1.536806516,1.536806516,0,0
2013-07-22,1.53704273,1.53704273,1.53704273,1.53704273,0,0
2013-07-19,1.526018617,1.526018617,1.526018617,1.526018617,0,0
2013-07-18,1.51998784,1.51998784,1.51998784,1.51998784,0,0
2013-07-17,1.517220452,1.517220452,1.517220452,1.517220452,0,0
2013-07-16,1.512401694,1.512401694,1.512401694,1.512401694,0,0
2013-07-15,1.510345869,1.510345869,1.510345869,1.510345869,0,0
2013-07-12,1.511715797,1.511715797,1.511715797,1.511715797,0,0
2013-07-11,1.511487304,1.511487304,1.511487304,1.511487304,0,0
2013-07-10,1.494544911,1.494544911,1.494544911,1.494544911,0,0
2013-07-09,1.483019428,1.483019428,1.483019428,1.483019428,0,0
2013-07-08,1.493875112,1.493875112,1.493875112,1.493875112,0,0
2013-07-05,1.488316714,1.488316714,1.488316714,1.488316714,0,0
2013-07-03,1.52578578,1.52578578,1.52578578,1.52578578,0,0
2013-07-02,1.516990291,1.516990291,1.516990291,1.516990291,0,0
2013-07-01,1.522533496,1.522533496,1.522533496,1.522533496,0,0
2013-06-28,1.5167602,1.5167602,1.5167602,1.5167602,0,0
2013-06-27,1.520450053,1.520450053,1.520450053,1.520450053,0,0
2013-06-26,1.533977604,1.533977604,1.533977604,1.533977604,0,0
2013-06-25,1.540357363,1.540357363,1.540357363,1.540357363,0,0
2013-06-24,1.539882969,1.539882969,1.539882969,1.539882969,0,0
2013-06-21,1.538935057,1.538935057,1.538935057,1.538935057,0,0
2013-06-20,1.546551191,1.546551191,1.546551191,1.546551191,0,0
2013-06-19,1.565925462,1.565925462,1.565925462,1.565925462,0,0
2013-06-18,1.560792883,1.560792883,1.560792883,1.560792883,0,0
2013-06-17,1.571338781,1.571338781,1.571338781,1.571338781,0,0
2013-06-14,1.567643831,1.567643831,1.567643831,1.567643831,0,0
2013-06-13,1.567889621,1.567889621,1.567889621,1.567889621,0,0
2013-06-12,1.568627451,1.568627451,1.568627451,1.568627451,0,0
2013-06-11,1.559819061,1.559819061,1.559819061,1.559819061,0,0
2013-06-07,1.553760099,1.553760099,1.553760099,1.553760099,0,0
2013-06-06,1.552312946,1.552312946,1.552312946,1.552312946,0,0
2013-06-05,1.539171926,1.539171926,1.539171926,1.539171926,0,0
2013-06-04,1.529285824,1.529285824,1.529285824,1.529285824,0,0
2013-06-03,1.529519731,1.529519731,1.529519731,1.529519731,0,0
2013-05-31,1.516070346,1.516070346,1.516070346,1.516070346,0,0
2013-05-30,1.521606817,1.521606817,1.521606817,1.521606817,0,0
2013-05-29,1.511487304,1.511487304,1.511487304,1.511487304,0,0
2013-05-28,1.503533303,1.503533303,1.503533303,1.503533303,0,0
2013-05-24,1.514004542,1.514004542,1.514004542,1.514004542,0,0
2013-05-23,1.506477855,1.506477855,1.506477855,1.506477855,0,0
2013-05-22,1.504438092,1.504438092,1.504438092,1.504438092,0,0
2013-05-21,1.514004542,1.514004542,1.514004542,1.514004542,0,0
2013-05-20,1.52230172,1.52230172,1.52230172,1.52230172,0,0
2013-05-17,1.519064256,1.519064256,1.519064256,1.519064256,0,0
2013-05-16,1.530690341,1.530690341,1.530690341,1.530690341,0,0
2013-05-15,1.522533496,1.522533496,1.522533496,1.522533496,0,0
2013-05-14,1.52578578,1.52578578,1.52578578,1.52578578,0,0
2013-05-13,1.534448366,1.534448366,1.534448366,1.534448366,0,0
2013-05-10,1.535390757,1.535390757,1.535390757,1.535390757,0,0
2013-05-09,1.549666822,1.549666822,1.549666822,1.549666822,0,0
2013-05-08,1.556420233,1.556420233,1.556420233,1.556420233,0,0
2013-05-07,1.54679041,1.54679041,1.54679041,1.54679041,0,0
2013-05-06,1.551831161,1.551831161,1.551831161,1.551831161,0,0
2013-05-03,1.556904873,1.556904873,1.556904873,1.556904873,0,0
2013-05-02,1.551109043,1.551109043,1.551109043,1.551109043,0,0
2013-05-01,1.555209953,1.555209953,1.555209953,1.555209953,0,0
2013-04-30,1.556420233,1.556420233,1.556420233,1.556420233,0,0
2013-04-29,1.549426712,1.549426712,1.549426712,1.549426712,0,0
2013-04-26,1.549186677,1.549186677,1.549186677,1.549186677,0,0
2013-04-24,1.526717557,1.526717557,1.526717557,1.526717557,0,0
2013-04-23,1.528350909,1.528350909,1.528350909,1.528350909,0,0
2013-04-22,1.524622656,1.524622656,1.524622656,1.524622656,0,0
2013-04-19,1.52578578,1.52578578,1.52578578,1.52578578,0,0
2013-04-18,1.529051988,1.529051988,1.529051988,1.529051988,0,0
2013-04-17,1.523461304,1.523461304,1.523461304,1.523461304,0,0
2013-04-16,1.529051988,1.529051988,1.529051988,1.529051988,0,0
2013-04-15,1.531159087,1.531159087,1.531159087,1.531159087,0,0
2013-04-12,1.536806516,1.536806516,1.536806516,1.536806516,0,0
2013-04-11,1.539408867,1.539408867,1.539408867,1.539408867,0,0
2013-04-10,1.53256705,1.53256705,1.53256705,1.53256705,0,0
2013-04-09,1.529519731,1.529519731,1.529519731,1.529519731,0,0
2013-04-08,1.528117359,1.528117359,1.528117359,1.528117359,0,0
2013-04-05,1.535390757,1.535390757,1.535390757,1.535390757,0,0
2013-04-04,1.517911354,1.517911354,1.517911354,1.517911354,0,0
2013-04-03,1.513546239,1.513546239,1.513546239,1.513546239,0,0
2013-04-02,1.512859304,1.512859304,1.512859304,1.512859304,0,0
2013-03-28,1.518141794,1.518141794,1.518141794,1.518141794,0,0
2013-03-27,1.511030523,1.511030523,1.511030523,1.511030523,0,0
2013-03-26,1.515610791,1.515610791,1.515610791,1.515610791,0,0
2013-03-25,1.518372305,1.518372305,1.518372305,1.518372305,0,0
2013-03-22,1.523925632,1.523925632,1.523925632,1.523925632,0,0
2013-03-21,1.517911354,1.517911354,1.517911354,1.517911354,0,0
2013-03-20,1.513088213,1.513088213,1.513088213,1.513088213,0,0
2013-03-19,1.511715797,1.511715797,1.511715797,1.511715797,0,0
2013-03-18,1.510802236,1.510802236,1.510802236,1.510802236,0,0
2013-03-15,1.513317191,1.513317191,1.513317191,1.513317191,0,0
2013-03-14,1.505117399,1.505117399,1.505117399,1.505117399,0,0
2013-03-13,1.49231458,1.49231458,1.49231458,1.49231458,0,0
2013-03-12,1.488538255,1.488538255,1.488538255,1.488538255,0,0
2013-03-11,1.489646954,1.489646954,1.489646954,1.489646954,0,0
2013-03-08,1.49231458,1.49231458,1.49231458,1.49231458,0,0
2013-03-07,1.504890895,1.504890895,1.504890895,1.504890895,0,0
2013-03-06,1.505343971,1.505343971,1.505343971,1.505343971,0,0
2013-03-05,1.51194436,1.51194436,1.51194436,1.51194436,0,0
2013-03-04,1.506931887,1.506931887,1.506931887,1.506931887,0,0
2013-03-01,1.500825454,1.500825454,1.500825454,1.500825454,0,0
2013-02-28,1.517911354,1.517911354,1.517911354,1.517911354,0,0
2013-02-27,1.513546239,1.513546239,1.513546239,1.513546239,0,0
2013-02-26,1.512630464,1.512630464,1.512630464,1.512630464,0,0
2013-02-25,1.510802236,1.510802236,1.510802236,1.510802236,0,0
2013-02-22,1.526717557,1.526717557,1.526717557,1.526717557,0,0
2013-02-21,1.52578578,1.52578578,1.52578578,1.52578578,0,0
2013-02-20,1.530221882,1.530221882,1.530221882,1.530221882,0,0
2013-02-19,1.544401544,1.544401544,1.544401544,1.544401544,0,0
2013-02-15,1.552553951,1.552553951,1.552553951,1.552553951,0,0
2013-02-14,1.552795031,1.552795031,1.552795031,1.552795031,0,0
2013-02-13,1.554484688,1.554484688,1.554484688,1.554484688,0,0
2013-02-12,1.565925462,1.565925462,1.565925462,1.565925462,0,0
2013-02-11,1.566170713,1.566170713,1.566170713,1.566170713,0,0
2013-02-08,1.583782072,1.583782072,1.583782072,1.583782072,0,0
2013-02-07,1.570351759,1.570351759,1.570351759,1.570351759,0,0
2013-02-06,1.565190171,1.565190171,1.565190171,1.565190171,0,0
2013-02-05,1.566906926,1.566906926,1.566906926,1.566906926,0,0
2013-02-04,1.573811772,1.573811772,1.573811772,1.573811772,0,0
2013-02-01,1.574555188,1.574555188,1.574555188,1.574555188,0,0
2013-01-31,1.585539876,1.585539876,1.585539876,1.585539876,0,0
2013-01-30,1.579030475,1.579030475,1.579030475,1.579030475,0,0
2013-01-29,1.57480315,1.57480315,1.57480315,1.57480315,0,0
2013-01-25,1.580777743,1.580777743,1.580777743,1.580777743,0,0
2013-01-24,1.578282828,1.578282828,1.578282828,1.578282828,0,0
2013-01-23,1.584283904,1.584283904,1.584283904,1.584283904,0,0
2013-01-22,1.586797842,1.586797842,1.586797842,1.586797842,0,0
2013-01-18,1.586294416,1.586294416,1.586294416,1.586294416,0,0
2013-01-17,1.596933887,1.596933887,1.596933887,1.596933887,0,0
2013-01-16,1.599488164,1.599488164,1.599488164,1.599488164,0,0
2013-01-15,1.609010459,1.609010459,1.609010459,1.609010459,0,0
2013-01-14,1.606683805,1.606683805,1.606683805,1.606683805,0,0
2013-01-11,1.612383102,1.612383102,1.612383102,1.612383102,0,0
2013-01-10,1.610824742,1.610824742,1.610824742,1.610824742,0,0
2013-01-09,1.600768369,1.600768369,1.600768369,1.600768369,0,0
2013-01-08,1.603592046,1.603592046,1.603592046,1.603592046,0,0
2013-01-07,1.608234159,1.608234159,1.608234159,1.608234159,0,0
2013-01-04,1.603592046,1.603592046,1.603592046,1.603592046,0,0
2013-01-03,1.616031028,1.616031028,1.616031028,1.616031028,0,0
2013-01-02,1.628399284,1.628399284,1.628399284,1.628399284,0,0
2012-12-31,1.616814875,1.616814875,1.616814875,1.616814875,0,0
2012-12-28,1.615508885,1.615508885,1.615508885,1.615508885,0,0
2012-12-27,1.612643122,1.612643122,1.612643122,1.612643122,0,0
2012-12-24,1.617861188,1.617861188,1.617861188,1.617861188,0,0
2012-12-21,1.618122977,1.618122977,1.618122977,1.618122977,0,0
2012-12-20,1.62601626,1.62601626,1.62601626,1.62601626,0,0
2012-12-19,1.62707452,1.62707452,1.62707452,1.62707452,0,0
2012-12-18,1.62469537,1.62469537,1.62469537,1.62469537,0,0
2012-12-17,1.619695497,1.619695497,1.619695497,1.619695497,0,0
2012-12-14,1.611863314,1.611863314,1.611863314,1.611863314,0,0
2012-12-13,1.613423685,1.613423685,1.613423685,1.613423685,0,0
2012-12-12,1.611603546,1.611603546,1.611603546,1.611603546,0,0
2012-12-11,1.610305958,1.610305958,1.610305958,1.610305958,0,0
2012-12-10,1.607458608,1.607458608,1.607458608,1.607458608,0,0
2012-12-07,1.602050625,1.602050625,1.602050625,1.602050625,0,0
2012-12-06,1.607975559,1.607975559,1.607975559,1.607975559,0,0
2012-12-05,1.609269392,1.609269392,1.609269392,1.609269392,0,0
2012-12-04,1.610824742,1.610824742,1.610824742,1.610824742,0,0
2012-12-03,1.609528408,1.609528408,1.609528408,1.609528408,0,0
2012-11-30,1.602820965,1.602820965,1.602820965,1.602820965,0,0
2012-11-29,1.603849238,1.603849238,1.603849238,1.603849238,0,0
2012-11-28,1.598465473,1.598465473,1.598465473,1.598465473,0,0
2012-11-27,1.602820965,1.602820965,1.602820965,1.602820965,0,0
2012-11-26,1.602307323,1.602307323,1.602307323,1.602307323,0,0
2012-11-23,1.601024656,1.601024656,1.601024656,1.601024656,0,0
2012-11-21,1.593371574,1.593371574,1.593371574,1.593371574,0,0
2012-11-20,1.591596371,1.591596371,1.591596371,1.591596371,0,0
2012-11-19,1.591343094,1.591343094,1.591343094,1.591343094,0,0
2012-11-16,1.584534939,1.584534939,1.584534939,1.584534939,0,0
2012-11-15,1.587301587,1.587301587,1.587301587,1.587301587,0,0
2012-11-14,1.584283904,1.584283904,1.584283904,1.584283904,0,0
2012-11-13,1.589319771,1.589319771,1.589319771,1.589319771,0,0
2012-11-12,1.586797842,1.586797842,1.586797842,1.586797842,0,0
2012-11-09,1.591089897,1.591089897,1.591089897,1.591089897,0,0
2012-11-08,1.597188947,1.597188947,1.597188947,1.597188947,0,0
2012-11-07,1.598721023,1.598721023,1.598721023,1.598721023,0,0
2012-11-06,1.598210005,1.598210005,1.598210005,1.598210005,0,0
2012-11-05,1.597188947,1.597188947,1.597188947,1.597188947,0,0
2012-11-02,1.603849238,1.603849238,1.603849238,1.603849238,0,0
2012-11-01,1.614205004,1.614205004,1.614205004,1.614205004,0,0
2012-10-31,1.61108426,1.61108426,1.61108426,1.61108426,0,0
2012-10-26,1.609528408,1.609528408,1.609528408,1.609528408,0,0
2012-10-25,1.614205004,1.614205004,1.614205004,1.614205004,0,0
2012-10-24,1.602820965,1.602820965,1.602820965,1.602820965,0,0
2012-10-23,1.593879503,1.593879503,1.593879503,1.593879503,0,0
2012-10-22,1.603334937,1.603334937,1.603334937,1.603334937,0,0
2012-10-19,1.602050625,1.602050625,1.602050625,1.602050625,0,0
2012-10-18,1.613423685,1.613423685,1.613423685,1.613423685,0,0
2012-10-17,1.616553508,1.616553508,1.616553508,1.616553508,0,0
2012-10-16,1.610046691,1.610046691,1.610046691,1.610046691,0,0
2012-10-15,1.605136437,1.605136437,1.605136437,1.605136437,0,0
2012-10-12,1.608751609,1.608751609,1.608751609,1.608751609,0,0
2012-10-11,1.603849238,1.603849238,1.603849238,1.603849238,0,0
2012-10-10,1.602050625,1.602050625,1.602050625,1.602050625,0,0
2012-10-09,1.6,1.6,1.6,1.6,0,0
2012-10-08,1.602564103,1.602564103,1.602564103,1.602564103,0,0
2012-10-05,1.619170984,1.619170984,1.619170984,1.619170984,0,0
2012-10-04,1.616553508,1.616553508,1.616553508,1.616553508,0,0
2012-10-03,1.607200257,1.607200257,1.607200257,1.607200257,0,0
2012-10-02,1.613684041,1.613684041,1.613684041,1.613684041,0,0
2012-09-28,1.61498708,1.61498708,1.61498708,1.61498708,0,0
2012-09-27,1.619170984,1.619170984,1.619170984,1.619170984,0,0
2012-09-26,1.614726304,1.614726304,1.614726304,1.614726304,0,0
2012-09-25,1.625487646,1.625487646,1.625487646,1.625487646,0,0
2012-09-24,1.619433198,1.619433198,1.619433198,1.619433198,0,0
2012-09-21,1.625487646,1.625487646,1.625487646,1.625487646,0,0
2012-09-20,1.62022035,1.62022035,1.62022035,1.62022035,0,0
2012-09-19,1.622323167,1.622323167,1.622323167,1.622323167,0,0
2012-09-18,1.625487646,1.625487646,1.625487646,1.625487646,0,0
2012-09-17,1.626809826,1.626809826,1.626809826,1.626809826,0,0
2012-09-14,1.62469537,1.62469537,1.62469537,1.62469537,0,0
2012-09-13,1.611603546,1.611603546,1.611603546,1.611603546,0,0
2012-09-12,1.610046691,1.610046691,1.610046691,1.610046691,0,0
2012-09-11,1.606425703,1.606425703,1.606425703,1.606425703,0,0
2012-09-10,1.601024656,1.601024656,1.601024656,1.601024656,0,0
2012-09-07,1.602564103,1.602564103,1.602564103,1.602564103,0,0
2012-09-06,1.593371574,1.593371574,1.593371574,1.593371574,0,0
2012-09-05,1.591343094,1.591343094,1.591343094,1.591343094,0,0
2012-09-04,1.588562351,1.588562351,1.588562351,1.588562351,0,0
2012-08-31,1.588310038,1.588310038,1.588310038,1.588310038,0,0
2012-08-30,1.581277672,1.581277672,1.581277672,1.581277672,0,0
2012-08-29,1.582779361,1.582779361,1.582779361,1.582779361,0,0
2012-08-28,1.582779361,1.582779361,1.582779361,1.582779361,0,0
2012-08-27,1.582153311,1.582153311,1.582153311,1.582153311,0,0
2012-08-24,1.581527756,1.581527756,1.581527756,1.581527756,0,0
2012-08-23,1.588814744,1.588814744,1.588814744,1.588814744,0,0
2012-08-22,1.580278129,1.580278129,1.580278129,1.580278129,0,0
2012-08-21,1.578531965,1.578531965,1.578531965,1.578531965,0,0
2012-08-20,1.570598398,1.570598398,1.570598398,1.570598398,0,0
2012-08-17,1.567643831,1.567643831,1.567643831,1.567643831,0,0
2012-08-16,1.574307305,1.574307305,1.574307305,1.574307305,0,0
2012-08-15,1.569612306,1.569612306,1.569612306,1.569612306,0,0
2012-08-14,1.568627451,1.568627451,1.568627451,1.568627451,0,0
2012-08-13,1.570351759,1.570351759,1.570351759,1.570351759,0,0
2012-08-10,1.569119724,1.569119724,1.569119724,1.569119724,0,0
2012-08-09,1.563721658,1.563721658,1.563721658,1.563721658,0,0
2012-08-08,1.566170713,1.566170713,1.566170713,1.566170713,0,0
2012-08-07,1.564945227,1.564945227,1.564945227,1.564945227,0,0
2012-08-03,1.56030582,1.56030582,1.56030582,1.56030582,0,0
2012-08-02,1.551831161,1.551831161,1.551831161,1.551831161,0,0
2012-08-01,1.558846454,1.558846454,1.558846454,1.558846454,0,0
2012-07-31,1.566906926,1.566906926,1.566906926,1.566906926,0,0
2012-07-30,1.569612306,1.569612306,1.569612306,1.569612306,0,0
2012-07-27,1.571338781,1.571338781,1.571338781,1.571338781,0,0
2012-07-26,1.569858713,1.569858713,1.569858713,1.569858713,0,0
2012-07-25,1.547508511,1.547508511,1.547508511,1.547508511,0,0
2012-07-24,1.552795031,1.552795031,1.552795031,1.552795031,0,0
2012-07-23,1.551109043,1.551109043,1.551109043,1.551109043,0,0
2012-07-20,1.563477173,1.563477173,1.563477173,1.563477173,0,0
2012-07-19,1.570845115,1.570845115,1.570845115,1.570845115,0,0
2012-07-18,1.5625,1.5625,1.5625,1.5625,0,0
2012-07-17,1.556904873,1.556904873,1.556904873,1.556904873,0,0
2012-07-16,1.562011871,1.562011871,1.562011871,1.562011871,0,0
2012-07-13,1.554484688,1.554484688,1.554484688,1.554484688,0,0
2012-07-12,1.540357363,1.540357363,1.540357363,1.540357363,0,0
2012-07-11,1.556178027,1.556178027,1.556178027,1.556178027,0,0
2012-07-10,1.549666822,1.549666822,1.549666822,1.549666822,0,0
2012-07-09,1.552312946,1.552312946,1.552312946,1.552312946,0,0
2012-07-06,1.550868486,1.550868486,1.550868486,1.550868486,0,0
2012-07-05,1.552072016,1.552072016,1.552072016,1.552072016,0,0
2012-07-03,1.567889621,1.567889621,1.567889621,1.567889621,0,0
2012-07-02,1.568873549,1.568873549,1.568873549,1.568873549,0,0
2012-06-29,1.568627451,1.568627451,1.568627451,1.568627451,0,0
