,Date,Open,High,Low,Close,Volume,Adj Close
735,2015-07-01,16.63,17.26,15.65,16.09,0,0
736,2015-06-30,17.6,19.8,17.49,18.23,0,0
737,2015-06-29,16.7,19.5,15.82,18.85,0,0
738,2015-06-26,14.13,14.91,13.64,14.02,0,0
739,2015-06-25,12.96,14.16,12.92,14.01,0,0
740,2015-06-24,12.57,13.33,12.01,13.26,0,0
741,2015-06-23,12.5,12.68,11.93,12.11,0,0
742,2015-06-22,13.42,13.46,12.43,12.74,0,0
743,2015-06-19,13.35,14,12.96,13.96,0,0
744,2015-06-18,14.03,14.03,12.54,13.19,0,0
745,2015-06-17,14.66,15.49,14.07,14.5,0,0
746,2015-06-16,15.62,15.62,14.81,14.81,0,0
747,2015-06-15,15.48,15.57,14.91,15.39,0,0
748,2015-06-12,13.31,14.02,13.3,13.78,0,0
749,2015-06-11,13.04,13.22,12.56,12.85,0,0
750,2015-06-10,14.24,14.37,12.96,13.22,0,0
751,2015-06-09,15.18,15.74,14.47,14.47,0,0
752,2015-06-05,15.01,15.65,14.21,14.21,0,0
753,2015-06-04,14.57,15.49,13.99,14.71,0,0
754,2015-06-03,13.73,14.2,13.4,13.66,0,0
755,2015-06-02,14.72,15.05,13.59,14.24,0,0
756,2015-06-01,13.92,14.86,13.47,13.97,0,0
757,2015-05-29,13.59,14.43,13.4,13.84,0,0
758,2015-05-28,13.49,13.99,13.31,13.31,0,0
759,2015-05-27,14.16,14.41,13.05,13.27,0,0
760,2015-05-26,13.45,14.63,13.34,14.06,0,0
761,2015-05-22,12.37,12.37,11.82,12.13,0,0
762,2015-05-21,13.03,13.09,12.09,12.11,0,0
763,2015-05-20,12.9,13.27,12.62,12.88,0,0
764,2015-05-19,12.95,13.13,12.55,12.85,0,0
765,2015-05-18,13.08,13.22,12.55,12.73,0,0
766,2015-05-15,12.46,13.09,12.35,12.38,0,0
767,2015-05-14,13.14,13.29,12.72,12.74,0,0
768,2015-05-13,13.63,14.04,13.06,13.76,0,0
769,2015-05-12,14.73,15.13,13.73,13.86,0,0
770,2015-05-11,13.35,13.85,13,13.85,0,0
771,2015-05-08,13.36,13.42,12.7,12.86,0,0
772,2015-05-07,15.48,15.97,14.81,15.13,0,0
773,2015-05-06,13.93,16.36,13.89,15.15,0,0
774,2015-05-05,13.21,14.41,12.97,14.31,0,0
775,2015-05-04,13.12,13.18,12.1,12.85,0,0
776,2015-05-01,13.98,13.98,12.68,12.7,0,0
777,2015-04-30,13.89,15.29,12.49,14.55,0,0
778,2015-04-29,13.44,14.34,12.61,13.39,0,0
779,2015-04-28,13.26,14.23,12.41,12.41,0,0
780,2015-04-27,12.34,13.4,12.33,13.12,0,0
781,2015-04-24,12.21,13.02,12.16,12.29,0,0
782,2015-04-23,12.96,12.96,12.12,12.48,0,0
783,2015-04-22,12.97,13.8,12.57,12.71,0,0
784,2015-04-21,12.75,13.51,12.66,13.25,0,0
785,2015-04-20,13.67,13.67,12.83,13.3,0,0
786,2015-04-17,13.97,15.02,13.73,13.89,0,0
787,2015-04-16,13.27,13.35,12.5,12.6,0,0
788,2015-04-15,13.58,13.58,12.83,12.84,0,0
789,2015-04-14,14.34,14.74,13.64,13.67,0,0
790,2015-04-13,13.17,14.31,12.71,13.94,0,0
791,2015-04-10,13.2,13.26,12.51,12.58,0,0
792,2015-04-09,14.14,14.59,13.09,13.09,0,0
793,2015-04-08,14.59,14.77,13.75,13.98,0,0
794,2015-04-07,14.57,14.81,14.01,14.78,0,0
795,2015-04-02,15.3,15.51,14.27,14.67,0,0
796,2015-04-01,15.32,16.66,15.08,15.11,0,0
797,2015-03-31,14.97,15.74,14.33,15.29,0,0
798,2015-03-30,14.76,14.76,14.08,14.51,0,0
799,2015-03-27,15.73,15.83,14.19,15.07,0,0
800,2015-03-26,16.64,17.19,15.23,15.8,0,0
801,2015-03-25,13.26,15.55,13.2,15.44,0,0
802,2015-03-24,13.36,13.68,12.59,13.62,0,0
803,2015-03-23,13.52,13.53,12.89,13.41,0,0
804,2015-03-20,13.52,13.53,12.54,13.02,0,0
805,2015-03-19,14.68,14.97,13.84,14.07,0,0
806,2015-03-18,14.6,16.29,13.38,13.97,0,0
807,2015-03-17,16.31,16.37,15.66,15.66,0,0
808,2015-03-16,15.78,15.89,15.36,15.61,0,0
809,2015-03-13,15.47,16.74,15.32,16,0,0
810,2015-03-12,16.45,16.45,15.3,15.42,0,0
811,2015-03-11,16.44,17.19,16.29,16.87,0,0
812,2015-03-10,16.47,16.91,16.03,16.69,0,0
813,2015-03-09,15.72,15.76,14.71,15.06,0,0
814,2015-03-06,14.61,15.83,14.18,15.2,0,0
815,2015-03-05,14.01,14.58,13.88,14.04,0,0
816,2015-03-04,14.31,15.33,14.13,14.23,0,0
817,2015-03-03,13.35,14.69,13.25,13.86,0,0
818,2015-03-02,13.9,13.9,12.87,13.04,0,0
819,2015-02-27,14.07,14.17,13.29,13.34,0,0
820,2015-02-26,13.55,14.57,13.55,13.91,0,0
821,2015-02-25,13.64,14.06,12.86,13.84,0,0
822,2015-02-24,14.5,14.63,13.53,13.69,0,0
823,2015-02-23,15.05,15.48,14.49,14.56,0,0
824,2015-02-20,15.73,16.29,14.27,14.3,0,0
825,2015-02-19,16.11,16.22,15.1,15.29,0,0
826,2015-02-18,16.74,16.74,15.44,15.45,0,0
827,2015-02-17,15.86,16.33,15.53,15.8,0,0
828,2015-02-13,15.11,15.64,14.69,14.69,0,0
829,2015-02-12,16.39,16.47,15.28,15.34,0,0
830,2015-02-11,17.43,17.81,16.82,16.96,0,0
831,2015-02-10,17.72,18.36,16.97,17.23,0,0
832,2015-02-09,19.16,19.28,18.21,18.55,0,0
833,2015-02-06,16.29,18.74,16.06,17.29,0,0
834,2015-02-05,17.29,17.43,16.67,16.85,0,0
835,2015-02-04,17.82,18.38,16.82,18.33,0,0
836,2015-02-03,18.41,18.89,17.2,17.33,0,0
837,2015-02-02,20.89,22.81,19.35,19.43,0,0
838,2015-01-30,20.23,22.18,19.24,20.97,0,0
839,2015-01-29,20.46,21.56,18.66,18.76,0,0
840,2015-01-28,16.97,20.44,16.92,20.44,0,0
841,2015-01-27,17.6,18.41,16.67,17.22,0,0
842,2015-01-23,16.79,17.09,15.81,16.66,0,0
843,2015-01-22,17.98,19.23,16.07,16.4,0,0
844,2015-01-21,20.92,21.28,18.64,18.85,0,0
845,2015-01-20,20.07,21.37,19.58,19.89,0,0
846,2015-01-16,22.8,23.43,20.95,20.95,0,0
847,2015-01-15,21.23,23.31,20.86,22.39,0,0
848,2015-01-14,22.87,23.34,21.32,21.48,0,0
849,2015-01-13,18.21,21.58,17.65,20.56,0,0
850,2015-01-12,18.02,20.44,18.02,19.6,0,0
851,2015-01-09,16.44,18.42,16.44,17.55,0,0
852,2015-01-08,17.93,18.09,16.99,17.01,0,0
853,2015-01-07,20.15,20.72,19.04,19.31,0,0
854,2015-01-06,20.33,22.9,19.52,21.12,0,0
855,2015-01-05,19.19,21.29,19.19,19.92,0,0
856,2015-01-02,17.76,20.14,17.05,17.79,0,0
857,2014-12-31,15.91,19.91,15.86,19.2,0,0
858,2014-12-30,15.9,16.2,15.48,15.92,0,0
859,2014-12-29,16.04,16.14,15.06,15.06,0,0
860,2014-12-24,14.52,14.54,14.01,14.37,0,0
861,2014-12-23,14.47,15.21,14.32,14.8,0,0
862,2014-12-22,16.32,16.88,15.03,15.25,0,0
863,2014-12-19,16.57,17.2,16.11,16.49,0,0
864,2014-12-18,17.14,18.51,16.07,16.81,0,0
865,2014-12-17,23.9,24.61,19.26,19.44,0,0
866,2014-12-16,23.55,25.2,19.6,23.57,0,0
867,2014-12-15,19.59,24.83,17.77,20.42,0,0
868,2014-12-12,20.51,23.06,18.34,21.08,0,0
869,2014-12-11,17.68,20.13,15.94,20.08,0,0
870,2014-12-10,15.56,18.92,15.4,18.53,0,0
871,2014-12-09,16.23,16.68,14.84,14.89,0,0
872,2014-12-08,13.05,14.67,12.55,14.21,0,0
873,2014-12-05,12.08,12.28,11.53,11.82,0,0
874,2014-12-04,12.7,13.23,12.09,12.38,0,0
875,2014-12-03,12.75,12.88,12.21,12.47,0,0
876,2014-12-02,14.1,14.17,12.85,12.85,0,0
877,2014-12-01,14.16,14.75,13.94,14.29,0,0
878,2014-11-28,12.64,13.49,12.36,13.33,0,0
879,2014-11-26,12.27,12.4,11.91,12.07,0,0
880,2014-11-25,12.55,13.02,12.23,12.25,0,0
881,2014-11-24,12.92,13.02,12.43,12.62,0,0
882,2014-11-21,13.16,13.8,12.9,12.9,0,0
883,2014-11-20,14.66,15.74,13.58,13.58,0,0
884,2014-11-19,14.01,14.78,13.83,13.96,0,0
885,2014-11-18,13.86,13.99,13.13,13.86,0,0
886,2014-11-17,14.7,14.73,13.84,13.99,0,0
887,2014-11-14,13.79,14.15,13.31,13.31,0,0
888,2014-11-13,13.33,14.31,12.87,13.79,0,0
889,2014-11-12,13.76,13.76,12.99,13.02,0,0
890,2014-11-11,12.71,13.18,12.6,12.92,0,0
891,2014-11-10,13.16,13.25,12.38,12.67,0,0
892,2014-11-07,13.71,14.16,13.01,13.12,0,0
893,2014-11-06,14.46,15.08,13.67,13.67,0,0
894,2014-11-05,14.15,14.99,14.15,14.17,0,0
895,2014-11-04,15.05,15.93,14.83,14.89,0,0
896,2014-11-03,14.41,14.99,14.23,14.73,0,0
897,2014-10-31,13.84,14.83,13.72,14.03,0,0
898,2014-10-30,15.31,15.75,14.07,14.52,0,0
899,2014-10-29,14.61,16.28,14.19,15.15,0,0
900,2014-10-28,15.69,15.78,14.39,14.39,0,0
901,2014-10-27,17.24,17.87,16,16.04,0,0
902,2014-10-24,16.43,18.06,16.09,16.11,0,0
903,2014-10-23,16.07,17.06,15.68,16.53,0,0
904,2014-10-22,16.06,18.43,15.56,17.87,0,0
905,2014-10-21,17.72,17.75,16.03,16.08,0,0
906,2014-10-20,22.11,22.16,18.51,18.57,0,0
907,2014-10-17,21.68,23.08,20.23,21.99,0,0
908,2014-10-16,29.26,29.41,24.61,25.2,0,0
909,2014-10-15,26.36,31.06,24.64,26.25,0,0
910,2014-10-14,23.77,24.55,21.48,22.79,0,0
911,2014-10-13,21.16,24.64,20.52,24.64,0,0
912,2014-10-10,19.11,22.06,18.14,21.24,0,0
913,2014-10-09,15.64,19.38,15.34,18.76,0,0
914,2014-10-08,17.35,18.03,14.97,15.11,0,0
915,2014-10-07,16.18,17.46,15.97,17.2,0,0
916,2014-10-03,15.16,15.43,14.44,14.55,0,0
917,2014-10-02,16.7,17.98,15.9,16.16,0,0
918,2014-10-01,16.44,17.56,16.08,16.71,0,0
919,2014-09-30,15.49,16.43,15.18,16.31,0,0
920,2014-09-29,16.96,17.08,15.45,15.98,0,0
921,2014-09-26,15.77,15.98,14.31,14.85,0,0
922,2014-09-25,14.11,16.69,14.03,15.64,0,0
923,2014-09-24,14.62,14.93,13.24,13.27,0,0
924,2014-09-23,14.82,14.94,13.83,14.93,0,0
925,2014-09-22,13.14,13.98,13.13,13.69,0,0
926,2014-09-19,11.73,12.61,11.52,12.11,0,0
927,2014-09-18,12.55,12.58,11.98,12.03,0,0
928,2014-09-17,13.06,14.53,11.73,12.65,0,0
929,2014-09-16,14.48,14.53,12.72,12.73,0,0
930,2014-09-15,13.54,14.19,13.54,14.12,0,0
931,2014-09-12,12.85,14.27,12.85,13.31,0,0
932,2014-09-11,13.53,13.67,12.66,12.8,0,0
933,2014-09-10,13.36,14.06,12.86,12.88,0,0
934,2014-09-09,12.7,13.91,12.7,13.5,0,0
935,2014-09-08,12.64,13.09,12.4,12.66,0,0
936,2014-09-05,12.37,13.18,11.96,12.09,0,0
937,2014-09-04,12.4,12.99,11.7,12.64,0,0
938,2014-09-03,12.03,12.55,11.91,12.36,0,0
939,2014-09-02,12.32,13.41,12.23,12.25,0,0
940,2014-08-29,11.86,12.44,11.78,11.98,0,0
941,2014-08-28,12.38,12.73,12.05,12.05,0,0
942,2014-08-27,11.69,11.93,11.54,11.78,0,0
943,2014-08-26,11.33,11.93,11.33,11.63,0,0
944,2014-08-25,11.58,11.77,11.24,11.7,0,0
945,2014-08-22,11.88,12.48,11.47,11.47,0,0
946,2014-08-21,11.93,13.51,11.52,11.76,0,0
947,2014-08-20,12.23,12.24,11.6,11.78,0,0
948,2014-08-19,12.14,12.46,11.91,12.21,0,0
949,2014-08-18,12.85,12.85,12.26,12.32,0,0
950,2014-08-15,11.91,14.94,11.89,13.15,0,0
951,2014-08-14,13.05,13.13,12.42,12.42,0,0
952,2014-08-13,13.57,13.93,12.84,12.9,0,0
953,2014-08-12,14.42,14.74,13.76,14.13,0,0
954,2014-08-11,15.16,15.16,13.72,14.23,0,0
955,2014-08-08,16.43,17.09,15.53,15.77,0,0
956,2014-08-07,15.5,17.25,15.44,16.66,0,0
957,2014-08-06,17.22,17.3,15.7,16.37,0,0
958,2014-08-05,15.54,17.14,15.1,16.87,0,0
959,2014-08-01,16.67,17.57,15.52,17.03,0,0
960,2014-07-31,14.35,17.11,14.26,16.95,0,0
961,2014-07-30,12.63,14.07,12.53,13.33,0,0
962,2014-07-29,12.35,13.35,12.12,13.28,0,0
963,2014-07-28,12.93,13.64,12.54,12.56,0,0
964,2014-07-25,12.03,12.75,12.03,12.69,0,0
965,2014-07-24,11.43,12.06,11.43,11.84,0,0
966,2014-07-23,11.54,12.16,11.41,11.52,0,0
967,2014-07-22,11.97,12.24,11.69,12.24,0,0
968,2014-07-21,12.85,13.62,12.46,12.81,0,0
969,2014-07-18,13.34,13.55,12.04,12.06,0,0
970,2014-07-17,11.35,15.38,10.85,14.54,0,0
971,2014-07-16,10.81,11.45,10.59,11,0,0
972,2014-07-15,11.53,12.47,11.46,11.96,0,0
973,2014-07-14,11.6,11.83,11.4,11.82,0,0
974,2014-07-11,12.5,12.68,12.07,12.08,0,0
975,2014-07-10,13.22,13.23,12.05,12.59,0,0
976,2014-07-09,11.74,12.05,11.5,11.65,0,0
977,2014-07-08,11.72,12.51,11.72,11.98,0,0
978,2014-07-07,11.15,11.54,11.01,11.33,0,0
979,2014-07-03,10.47,10.76,10.28,10.32,0,0
980,2014-07-02,11.18,11.18,10.56,10.82,0,0
981,2014-07-01,11.28,11.42,10.92,11.15,0,0
982,2014-06-30,11.75,11.81,11.3,11.57,0,0
983,2014-06-27,11.72,12.04,11.19,11.26,0,0
984,2014-06-26,11.51,12.51,11.5,11.63,0,0
985,2014-06-25,12.31,12.33,11.37,11.59,0,0
986,2014-06-24,11.02,12.27,10.87,12.13,0,0
987,2014-06-23,11.26,11.35,10.92,10.98,0,0
988,2014-06-20,10.4,11.02,10.34,10.85,0,0
989,2014-06-19,10.53,10.82,10.42,10.62,0,0
990,2014-06-18,11.8,11.91,10.57,10.61,0,0
991,2014-06-17,12.81,12.89,12.06,12.06,0,0
992,2014-06-16,12.65,12.87,12.28,12.65,0,0
993,2014-06-13,12.45,12.69,11.89,12.18,0,0
994,2014-06-12,11.81,12.81,11.71,12.56,0,0
995,2014-06-11,11.42,11.87,11.19,11.6,0,0
996,2014-06-10,11.3,11.66,10.93,10.99,0,0
997,2014-06-06,11.32,11.39,10.73,10.73,0,0
998,2014-06-05,12.09,12.34,11.44,11.68,0,0
999,2014-06-04,12.15,12.33,11.91,12.08,0,0
1000,2014-06-03,12.03,12.13,11.72,11.87,0,0
1001,2014-06-02,11.69,12.17,11.29,11.58,0,0
1002,2014-05-30,11.66,11.7,11.32,11.4,0,0
1003,2014-05-29,11.58,11.82,11.41,11.57,0,0
1004,2014-05-28,11.6,11.86,11.5,11.68,0,0
1005,2014-05-27,11.69,11.84,11.5,11.51,0,0
1006,2014-05-23,11.96,11.97,11.36,11.36,0,0
1007,2014-05-22,11.93,12.09,11.68,12.03,0,0
1008,2014-05-21,12.38,12.46,11.8,11.91,0,0
1009,2014-05-20,12.69,13.3,12.32,12.96,0,0
1010,2014-05-19,13.17,13.21,12.28,12.42,0,0
1011,2014-05-16,13.31,13.66,12.26,12.44,0,0
1012,2014-05-15,12.73,13.77,12.72,13.17,0,0
1013,2014-05-14,12.42,12.51,12.03,12.17,0,0
1014,2014-05-13,12.36,12.74,12.05,12.13,0,0
1015,2014-05-12,12.46,12.58,11.88,12.23,0,0
1016,2014-05-09,13.55,14.03,12.87,12.92,0,0
1017,2014-05-08,13.69,13.88,12.92,13.43,0,0
1018,2014-05-07,13.64,14.49,13.39,13.4,0,0
1019,2014-05-06,13.65,13.9,13.28,13.8,0,0
1020,2014-05-05,13.95,14.2,13.08,13.29,0,0
1021,2014-05-02,13.15,13.5,12.83,12.91,0,0
1022,2014-05-01,13.64,13.75,13.1,13.25,0,0
1023,2014-04-30,14.05,14.18,13.34,13.41,0,0
1024,2014-04-29,13.88,14.24,13.61,13.71,0,0
1025,2014-04-28,14.27,15.28,13.82,13.97,0,0
1026,2014-04-24,13.36,14.08,13.09,13.32,0,0
1027,2014-04-23,13.35,13.75,13.27,13.27,0,0
1028,2014-04-22,13.13,13.26,12.9,13.19,0,0
1029,2014-04-17,14.09,14.17,13.07,13.36,0,0
1030,2014-04-16,14.89,15.27,14.05,14.18,0,0
1031,2014-04-15,16.14,17.5,15.47,15.61,0,0
1032,2014-04-14,16.14,17.4,16.1,16.11,0,0
1033,2014-04-11,16.66,17.85,15.89,17.03,0,0
1034,2014-04-10,13.98,16.38,13.81,15.89,0,0
1035,2014-04-09,14.58,14.94,13.7,13.82,0,0
1036,2014-04-08,15.59,16.2,14.81,14.89,0,0
1037,2014-04-07,14.96,16.01,14.57,15.57,0,0
1038,2014-04-04,12.88,14.55,12.6,13.96,0,0
1039,2014-04-03,13.02,13.7,13.02,13.37,0,0
1040,2014-04-02,13.17,13.35,12.92,13.09,0,0
1041,2014-04-01,13.43,13.56,13.06,13.1,0,0
1042,2014-03-31,13.88,14.16,13.57,13.88,0,0
1043,2014-03-28,14.15,14.86,13.73,14.41,0,0
1044,2014-03-27,15,15.63,14.49,14.62,0,0
1045,2014-03-26,13.64,15.28,13.46,14.93,0,0
1046,2014-03-25,14.16,15.05,13.96,14.02,0,0
1047,2014-03-24,14.7,16.07,14.56,15.09,0,0
1048,2014-03-21,13.96,15.17,13.77,15,0,0
1049,2014-03-20,15.58,15.62,14.5,14.52,0,0
1050,2014-03-19,14.56,15.95,13.89,15.12,0,0
1051,2014-03-18,15.42,15.47,14.16,14.52,0,0
1052,2014-03-17,16.39,16.4,15.37,15.64,0,0
1053,2014-03-14,16.74,18.22,16.09,17.82,0,0
1054,2014-03-13,14.28,16.66,14.24,16.22,0,0
1055,2014-03-12,15.37,15.64,14.43,14.47,0,0
1056,2014-03-11,14.22,14.93,13.84,14.8,0,0
1057,2014-03-10,14.76,15.28,14.2,14.2,0,0
1058,2014-03-07,13.51,14.43,13.51,14.11,0,0
1059,2014-03-06,13.82,14.42,13.73,14.21,0,0
1060,2014-03-05,14.13,14.32,13.81,13.89,0,0
1061,2014-03-04,14.53,14.54,14,14.1,0,0
1062,2014-03-03,16.47,16.78,15.38,16,0,0
1063,2014-02-28,14.22,14.79,13.49,14,0,0
1064,2014-02-27,14.56,14.69,13.92,14.04,0,0
1065,2014-02-26,13.83,14.54,13.73,14.35,0,0
1066,2014-02-25,14.17,14.83,13.66,13.67,0,0
1067,2014-02-24,14.83,14.83,13.97,14.23,0,0
1068,2014-02-21,14.74,14.79,14.19,14.68,0,0
1069,2014-02-20,15.28,15.8,14.59,14.79,0,0
1070,2014-02-19,14.85,15.73,14.12,15.5,0,0
1071,2014-02-18,13.95,14.51,13.77,13.87,0,0
1072,2014-02-14,14.21,14.22,13.44,13.57,0,0
1073,2014-02-13,15.24,15.24,13.98,14.14,0,0
1074,2014-02-12,14.31,14.64,14.02,14.3,0,0
1075,2014-02-11,15.29,15.29,14.08,14.51,0,0
1076,2014-02-10,15.63,15.76,15.1,15.26,0,0
1077,2014-02-07,16.15,16.31,15.09,15.29,0,0
1078,2014-02-06,19.09,19.09,17.09,17.23,0,0
1079,2014-02-05,19.59,20.72,19.13,19.95,0,0
1080,2014-02-04,19.99,20.07,18.44,19.11,0,0
1081,2014-02-03,18.57,21.48,18.34,21.44,0,0
1082,2014-01-31,18.71,18.99,17.27,18.41,0,0
1083,2014-01-30,16.37,17.39,15.96,17.29,0,0
1084,2014-01-29,17.95,18.04,16.71,17.35,0,0
1085,2014-01-28,17.27,17.28,15.8,15.8,0,0
1086,2014-01-24,14.95,18.14,14.92,18.14,0,0
1087,2014-01-23,13.67,14.66,13.67,13.77,0,0
1088,2014-01-22,12.57,13.12,12.55,12.84,0,0
1089,2014-01-21,12.63,13.42,12.61,12.87,0,0
1090,2014-01-17,12.34,12.93,12.04,12.44,0,0
1091,2014-01-16,12.32,12.66,12.28,12.53,0,0
1092,2014-01-15,12.15,12.4,11.81,12.28,0,0
1093,2014-01-14,12.89,12.9,11.96,12.28,0,0
1094,2014-01-13,12.18,13.65,11.82,13.28,0,0
1095,2014-01-10,12.6,12.9,12.14,12.14,0,0
1096,2014-01-09,12.83,13.26,12.83,12.89,0,0
1097,2014-01-08,13.04,13.24,12.86,12.87,0,0
1098,2014-01-07,12.38,13.28,12.16,12.92,0,0
1099,2014-01-06,13.41,14,13.22,13.55,0,0
1100,2014-01-03,14.06,14.22,13.57,13.76,0,0
1101,2014-01-02,14.32,14.59,14,14.23,0,0
1102,2013-12-31,13.43,14.35,13.38,13.72,0,0
1103,2013-12-30,12.87,13.58,12.83,13.56,0,0
1104,2013-12-27,12.21,12.59,12.2,12.46,0,0
1105,2013-12-24,12.85,12.89,12.48,12.48,0,0
1106,2013-12-23,13.37,13.53,13.02,13.04,0,0
1107,2013-12-20,13.61,13.87,13.12,13.79,0,0
1108,2013-12-19,13.59,14.21,12.89,14.15,0,0
1109,2013-12-18,15.95,16.75,13.74,13.8,0,0
1110,2013-12-17,16.04,16.67,15.81,16.21,0,0
1111,2013-12-16,15.64,16.08,15.3,16.03,0,0
1112,2013-12-13,15.17,15.8,15.06,15.76,0,0
1113,2013-12-12,15.44,16.09,15.21,15.54,0,0
1114,2013-12-11,13.98,15.43,13.98,15.42,0,0
1115,2013-12-10,14.14,14.22,13.69,13.91,0,0
1116,2013-12-09,13.97,14.07,13.49,13.49,0,0
1117,2013-12-06,13.97,14.09,13.62,13.79,0,0
1118,2013-12-05,14.82,15.38,14.7,15.08,0,0
1119,2013-12-04,15.03,15.71,14.22,14.7,0,0
1120,2013-12-03,14.74,15.04,14.43,14.55,0,0
1121,2013-12-02,13.91,14.31,13.78,14.23,0,0
1122,2013-11-29,13.06,13.78,12.93,13.7,0,0
1123,2013-11-27,12.81,12.98,12.44,12.98,0,0
1124,2013-11-26,12.84,12.99,12.49,12.81,0,0
1125,2013-11-25,12.55,12.92,12.49,12.79,0,0
1126,2013-11-22,12.69,12.91,12.24,12.26,0,0
1127,2013-11-21,13.09,13.09,12.44,12.66,0,0
1128,2013-11-20,13.56,13.94,12.97,13.4,0,0
1129,2013-11-19,13.03,13.68,12.88,13.39,0,0
1130,2013-11-18,12.41,13.22,12.41,13.1,0,0
1131,2013-11-15,12.12,12.45,11.99,12.19,0,0
1132,2013-11-14,12.8,12.94,12.28,12.37,0,0
1133,2013-11-13,13.35,13.35,12.46,12.52,0,0
1134,2013-11-12,12.8,13.06,12.63,12.82,0,0
1135,2013-11-11,12.85,12.93,12.4,12.53,0,0
1136,2013-11-08,13.76,13.8,12.84,12.9,0,0
1137,2013-11-07,12.99,14.14,12.93,13.91,0,0
1138,2013-11-06,13.01,13.33,12.67,12.67,0,0
1139,2013-11-05,13.22,13.64,12.86,13.27,0,0
1140,2013-11-04,13.35,13.67,12.91,12.93,0,0
1141,2013-11-01,13.46,13.92,13.22,13.28,0,0
1142,2013-10-31,13.83,14.02,13.28,13.75,0,0
1143,2013-10-30,13.72,14.35,13.64,13.65,0,0
1144,2013-10-29,13.25,13.63,13.06,13.41,0,0
1145,2013-10-28,13.62,13.72,13.22,13.31,0,0
1146,2013-10-25,13.16,13.44,13.08,13.09,0,0
1147,2013-10-24,13.5,13.62,13.15,13.2,0,0
1148,2013-10-23,13.71,14.21,13.42,13.42,0,0
1149,2013-10-22,12.99,13.92,12.93,13.33,0,0
1150,2013-10-21,13.34,13.63,13.07,13.16,0,0
1151,2013-10-18,12.86,13.53,12.34,13.04,0,0
1152,2013-10-17,14.52,14.59,12.89,13.48,0,0
1153,2013-10-16,17.14,17.15,14.67,14.71,0,0
1154,2013-10-15,16.41,18.67,16.16,18.66,0,0
1155,2013-10-14,17.08,17.74,15.8,16.07,0,0
1156,2013-10-11,16.31,16.38,15.46,15.72,0,0
1157,2013-10-10,17.66,17.92,16.29,16.48,0,0
1158,2013-10-09,20.19,21.34,19.04,19.6,0,0
1159,2013-10-08,19.01,21.01,18.98,20.34,0,0
1160,2013-10-04,17.72,17.87,16.66,16.74,0,0
1161,2013-10-03,16.63,18.71,16.63,17.67,0,0
1162,2013-10-02,16.4,16.81,16.13,16.6,0,0
1163,2013-10-01,16.31,16.46,15.47,15.54,0,0
1164,2013-09-30,17.49,17.49,16.16,16.6,0,0
1165,2013-09-27,14.62,15.79,14.62,15.46,0,0
1166,2013-09-26,13.8,14.4,13.58,14.06,0,0
1167,2013-09-25,14.24,14.62,13.89,14.01,0,0
1168,2013-09-24,14.17,14.37,13.75,14.08,0,0
1169,2013-09-23,14.04,14.71,14.02,14.31,0,0
1170,2013-09-20,13.3,13.47,12.52,13.12,0,0
1171,2013-09-19,13.02,13.39,13.02,13.16,0,0
1172,2013-09-18,14.68,14.68,13.23,13.59,0,0
1173,2013-09-17,14.44,14.61,14.28,14.53,0,0
1174,2013-09-16,14.1,14.49,13.87,14.38,0,0
1175,2013-09-13,14.27,14.55,14.11,14.16,0,0
1176,2013-09-12,13.93,14.39,13.73,14.29,0,0
1177,2013-09-11,14.74,14.74,13.82,13.82,0,0
1178,2013-09-10,14.89,15.09,14.5,14.53,0,0
1179,2013-09-09,15.86,16.02,15.22,15.63,0,0
1180,2013-09-06,15.35,16.81,15.17,15.85,0,0
1181,2013-09-05,16.12,16.12,15.63,15.77,0,0
1182,2013-09-04,16.88,17.01,15.77,15.88,0,0
1183,2013-09-03,16.47,17.37,16.11,16.61,0,0
1184,2013-08-30,16.75,17.81,16.7,17.01,0,0
1185,2013-08-29,16.79,16.98,15.99,16.81,0,0
1186,2013-08-28,16.96,17.11,16.1,16.49,0,0
1187,2013-08-27,16.56,17.13,15.82,16.77,0,0
1188,2013-08-26,14.37,15.01,13.9,14.99,0,0
1189,2013-08-23,14.29,14.82,13.98,13.98,0,0
1190,2013-08-22,15.26,15.26,14.66,14.76,0,0
1191,2013-08-21,16,16.56,14.67,15.94,0,0
1192,2013-08-20,15.22,15.25,14.29,14.91,0,0
1193,2013-08-19,14.94,15.2,14.35,15.1,0,0
1194,2013-08-16,14.56,14.88,13.62,14.37,0,0
1195,2013-08-15,14.14,14.85,13.91,14.73,0,0
1196,2013-08-14,12.48,13.09,12.35,13.04,0,0
1197,2013-08-13,12.86,13.37,12.29,12.31,0,0
1198,2013-08-12,13.52,13.57,12.8,12.81,0,0
1199,2013-08-09,12.88,13.66,12.71,13.41,0,0
1200,2013-08-08,12.5,13.13,12.37,12.73,0,0
1201,2013-08-07,13.17,13.91,12.96,12.98,0,0
1202,2013-08-06,12.19,12.93,12.06,12.72,0,0
1203,2013-08-02,12.66,12.74,11.98,11.98,0,0
1204,2013-08-01,12.89,13.25,12.82,12.94,0,0
1205,2013-07-31,13.55,13.83,12.94,13.45,0,0
1206,2013-07-30,13.45,14.14,13.35,13.39,0,0
1207,2013-07-29,13.54,13.86,13.38,13.39,0,0
1208,2013-07-26,13.41,13.73,12.71,12.72,0,0
1209,2013-07-25,13.47,13.54,12.91,12.97,0,0
1210,2013-07-24,12.69,13.49,12.69,13.18,0,0
1211,2013-07-23,12.15,13.06,12.07,12.66,0,0
1212,2013-07-22,13.23,13.37,12.29,12.29,0,0
1213,2013-07-19,13.89,13.97,12.54,12.54,0,0
1214,2013-07-18,13.63,13.8,13.2,13.77,0,0
1215,2013-07-17,14.2,14.44,13.76,13.78,0,0
1216,2013-07-16,13.78,14.56,13.78,14.42,0,0
1217,2013-07-15,13.98,14.11,13.5,13.79,0,0
1218,2013-07-12,13.9,14.04,13.74,13.84,0,0
1219,2013-07-11,13.57,14.2,13.57,14.01,0,0
1220,2013-07-10,14.46,14.62,14.06,14.21,0,0
1221,2013-07-09,14.33,14.65,14.26,14.35,0,0
1222,2013-07-08,14.66,15.27,14.66,14.78,0,0
1223,2013-07-05,15.59,16.28,14.89,14.89,0,0
1224,2013-07-03,17.22,17.32,16.2,16.2,0,0
1225,2013-07-02,16.49,16.93,15.88,16.44,0,0
1226,2013-07-01,16.9,16.9,16,16.37,0,0
1227,2013-06-28,17.25,17.69,16.19,16.86,0,0
1228,2013-06-27,16.6,16.97,16.34,16.86,0,0
1229,2013-06-26,17.23,18.06,17.08,17.21,0,0
1230,2013-06-25,18.65,19.22,17.82,18.47,0,0
1231,2013-06-24,20.87,21.91,18.58,20.11,0,0
1232,2013-06-21,18.97,20.93,18.25,18.9,0,0
1233,2013-06-20,18.4,21.32,18.01,20.49,0,0
1234,2013-06-19,16.89,17.18,15.36,16.64,0,0
1235,2013-06-18,16.81,16.95,16.46,16.61,0,0
1236,2013-06-17,16.53,17.62,16.33,16.8,0,0
1237,2013-06-14,16.63,17.26,16.03,17.15,0,0
1238,2013-06-13,18.38,18.58,16.37,16.41,0,0
1239,2013-06-12,16.51,18.6,16.43,18.59,0,0
1240,2013-06-11,16.91,17.14,16,17.07,0,0
1241,2013-06-07,15.9,16.21,14.96,15.14,0,0
1242,2013-06-06,17.7,18.51,16.6,16.63,0,0
1243,2013-06-05,16.86,17.84,16.57,17.5,0,0
1244,2013-06-04,16.16,17.25,15.82,16.27,0,0
1245,2013-06-03,16.4,17.58,16.15,16.28,0,0
1246,2013-05-31,15.02,16.35,14.36,16.3,0,0
1247,2013-05-30,14.9,14.98,14.27,14.53,0,0
1248,2013-05-29,15.3,15.65,14.59,14.83,0,0
1249,2013-05-28,13.67,14.56,13.56,14.48,0,0
1250,2013-05-24,14.59,14.79,13.99,13.99,0,0
1251,2013-05-23,14.94,15.11,13.87,14.07,0,0
1252,2013-05-22,13.45,14.45,13.05,13.82,0,0
1253,2013-05-21,13.08,13.44,12.89,13.37,0,0
1254,2013-05-20,13.28,13.28,12.84,13.02,0,0
1255,2013-05-17,12.73,12.94,12.26,12.45,0,0
1256,2013-05-16,13.07,13.46,12.79,13.07,0,0
1257,2013-05-15,12.98,13.43,12.78,12.81,0,0
1258,2013-05-14,12.61,13.21,12.54,12.77,0,0
1259,2013-05-13,12.57,12.87,12.49,12.55,0,0
1260,2013-05-10,13.08,13.45,12.54,12.59,0,0
1261,2013-05-09,12.91,13.53,12.78,13.13,0,0
1262,2013-05-08,12.87,13.04,12.62,12.66,0,0
1263,2013-05-07,12.63,12.96,12.49,12.83,0,0
1264,2013-05-06,13.06,13.19,12.66,12.66,0,0
1265,2013-05-03,12.92,13.15,12.77,12.85,0,0
1266,2013-05-02,14.48,14.48,13.58,13.59,0,0
1267,2013-05-01,13.88,14.67,13.87,14.49,0,0
1268,2013-04-30,13.71,14.28,13.51,13.52,0,0
1269,2013-04-29,13.72,13.94,13.36,13.71,0,0
1270,2013-04-26,13.94,14.18,13.49,13.61,0,0
1271,2013-04-24,13.57,13.75,13.36,13.61,0,0
1272,2013-04-23,13.81,14.87,13.46,13.48,0,0
1273,2013-04-22,15.08,16,14.04,14.39,0,0
1274,2013-04-19,16.67,16.98,14.87,14.97,0,0
1275,2013-04-18,16.34,18.2,16.32,17.56,0,0
1276,2013-04-17,15.35,17.9,14.98,16.51,0,0
1277,2013-04-16,14.72,14.87,13.91,13.96,0,0
1278,2013-04-15,13.12,17.27,12.66,17.27,0,0
1279,2013-04-12,12.61,13.12,11.99,12.06,0,0
1280,2013-04-11,12.55,12.62,12.15,12.24,0,0
1281,2013-04-10,12.66,12.88,12.32,12.36,0,0
1282,2013-04-09,13.11,13.68,12.75,12.84,0,0
1283,2013-04-08,14.04,14.5,13.19,13.19,0,0
1284,2013-04-05,15.64,15.65,13.86,13.92,0,0
1285,2013-04-04,14.1,14.79,13.89,13.89,0,0
1286,2013-04-03,12.65,14.66,12.62,14.21,0,0
1287,2013-04-02,13.11,13.18,12.76,12.78,0,0
1288,2013-03-28,12.91,13.07,12.54,12.7,0,0
1289,2013-03-27,13.72,13.97,12.97,13.15,0,0
1290,2013-03-26,12.95,13.21,12.69,12.77,0,0
1291,2013-03-25,12.85,14.61,12.39,13.74,0,0
1292,2013-03-22,13.34,13.85,13.19,13.57,0,0
1293,2013-03-21,13.07,14.21,12.62,13.99,0,0
1294,2013-03-20,13.18,13.18,12.3,12.67,0,0
1295,2013-03-19,13.03,15.4,12.92,14.39,0,0
1296,2013-03-18,13.47,13.64,12.57,13.36,0,0
1297,2013-03-15,11.52,11.99,11.21,11.3,0,0
1298,2013-03-14,11.7,11.75,11.05,11.3,0,0
1299,2013-03-13,12.18,12.55,11.79,11.83,0,0
1300,2013-03-12,11.79,12.93,11.74,12.27,0,0
1301,2013-03-11,12.31,12.34,11.5,11.56,0,0
1302,2013-03-08,12.67,13.3,12.49,12.59,0,0
1303,2013-03-07,13.45,13.56,13.03,13.06,0,0
1304,2013-03-06,13.18,13.77,13.17,13.53,0,0
1305,2013-03-05,13.44,13.66,13.24,13.48,0,0
1306,2013-03-04,16.16,16.16,14.01,14.01,0,0
1307,2013-03-01,16.1,16.82,15.14,15.36,0,0
1308,2013-02-28,15,15.6,14.16,15.51,0,0
1309,2013-02-27,16.57,16.6,14.42,14.73,0,0
1310,2013-02-26,17.5,18.23,16.75,16.87,0,0
1311,2013-02-25,13.69,19.28,13.57,18.99,0,0
1312,2013-02-22,14.6,15.02,14.16,14.17,0,0
1313,2013-02-21,14.68,16.21,14.67,15.22,0,0
1314,2013-02-20,12.32,14.68,12.32,14.68,0,0
1315,2013-02-19,12.81,12.85,12.08,12.31,0,0
1316,2013-02-15,12.47,12.89,12.24,12.46,0,0
1317,2013-02-14,13.3,13.32,12.64,12.66,0,0
1318,2013-02-13,12.88,13.19,12.67,12.98,0,0
1319,2013-02-12,12.82,13.13,12.63,12.64,0,0
1320,2013-02-11,13.37,13.42,12.91,12.94,0,0
1321,2013-02-08,13.2,13.2,12.89,13.02,0,0
1322,2013-02-07,13.47,14.41,13.43,13.5,0,0
1323,2013-02-06,14.06,14.08,13.34,13.41,0,0
1324,2013-02-05,14.21,14.21,13.39,13.72,0,0
1325,2013-02-04,14,14.75,13.8,14.67,0,0
1326,2013-02-01,13.37,13.38,12.72,12.9,0,0
1327,2013-01-31,14.43,14.43,14.04,14.28,0,0
1328,2013-01-30,13.64,14.33,13.6,14.32,0,0
1329,2013-01-29,13.87,13.88,13.04,13.31,0,0
1330,2013-01-25,12.63,12.99,12.5,12.89,0,0
1331,2013-01-24,12.73,13.5,12.4,12.69,0,0
1332,2013-01-23,12.67,12.67,12.3,12.46,0,0
1333,2013-01-22,13.28,13.32,12.43,12.43,0,0
1334,2013-01-18,13.52,13.53,12.29,12.46,0,0
1335,2013-01-17,13.45,13.7,13.16,13.57,0,0
1336,2013-01-16,13.7,13.76,13.2,13.42,0,0
1337,2013-01-15,13.97,13.99,13.33,13.55,0,0
1338,2013-01-14,13.66,13.85,13.41,13.52,0,0
1339,2013-01-11,13.55,13.79,13.22,13.36,0,0
1340,2013-01-10,13.33,13.88,13.33,13.49,0,0
1341,2013-01-09,13.32,13.93,13.22,13.81,0,0
1342,2013-01-08,13.88,14.29,13.62,13.62,0,0
1343,2013-01-07,14.53,14.53,13.71,13.79,0,0
1344,2013-01-04,14.23,14.31,13.64,13.83,0,0
1345,2013-01-03,14.77,14.92,14.24,14.56,0,0
1346,2013-01-02,15.24,15.93,14.6,14.68,0,0
1347,2012-12-31,22.14,22.72,17.88,18.02,0,0
1348,2012-12-28,20.32,23.23,19.94,22.72,0,0
1349,2012-12-27,19.39,20.9,19.11,19.47,0,0
1350,2012-12-24,18.46,18.66,17.84,17.84,0,0
1351,2012-12-21,19.85,19.93,17.76,17.84,0,0
1352,2012-12-20,17.26,17.96,17.11,17.67,0,0
1353,2012-12-19,16.05,17.46,16.04,17.36,0,0
1354,2012-12-18,16.39,16.43,15.46,15.57,0,0
1355,2012-12-17,17.2,17.2,16.21,16.34,0,0
1356,2012-12-14,16.68,17.15,16.61,17,0,0
1357,2012-12-13,15.87,16.67,15.71,16.56,0,0
1358,2012-12-12,15.6,16.09,15.41,15.95,0,0
1359,2012-12-11,15.94,16.01,15.42,15.57,0,0
1360,2012-12-10,16.47,16.47,15.96,16.05,0,0
1361,2012-12-07,16.12,16.65,15.73,15.9,0,0
1362,2012-12-06,16.59,16.85,16.31,16.58,0,0
1363,2012-12-05,16.95,17.53,16.27,16.46,0,0
1364,2012-12-04,16.66,17.37,16.38,17.12,0,0
1365,2012-12-03,15.81,16.69,15.76,16.64,0,0
1366,2012-11-30,15.26,16.17,14.89,15.87,0,0
1367,2012-11-29,15.21,15.51,15.02,15.06,0,0
1368,2012-11-28,16.43,16.98,15.47,15.51,0,0
1369,2012-11-27,15.3,15.93,15.01,15.92,0,0
1370,2012-11-26,15.63,15.84,15.47,15.5,0,0
1371,2012-11-23,15,15.26,15,15.14,0,0
1372,2012-11-21,14.96,15.43,14.77,15.31,0,0
1373,2012-11-20,15.11,15.65,15.06,15.08,0,0
1374,2012-11-19,15.88,15.98,15.1,15.24,0,0
1375,2012-11-16,17.65,18.5,16.41,16.41,0,0
1376,2012-11-15,17.74,18.64,17.62,17.99,0,0
1377,2012-11-14,16.32,18.05,15.93,17.92,0,0
1378,2012-11-13,17.36,17.38,16.12,16.65,0,0
1379,2012-11-12,18.15,18.15,16.45,16.68,0,0
1380,2012-11-09,18.8,18.81,17.67,18.61,0,0
1381,2012-11-08,18.69,18.69,17.96,18.49,0,0
1382,2012-11-07,17.72,19.4,17.62,19.08,0,0
1383,2012-11-06,18.16,18.17,17.19,17.58,0,0
1384,2012-11-05,18.33,18.7,18.13,18.42,0,0
1385,2012-11-02,16.06,17.6,16.05,17.59,0,0
1386,2012-11-01,17.77,17.79,16.45,16.69,0,0
1387,2012-10-31,17.68,18.84,17.56,18.6,0,0
1388,2012-10-26,18.03,18.64,17.52,17.81,0,0
1389,2012-10-25,17.56,18.64,17.3,18.12,0,0
1390,2012-10-24,18.22,18.67,17.93,18.33,0,0
1391,2012-10-23,18.23,19.65,18.17,18.83,0,0
1392,2012-10-22,17.44,17.98,16.62,16.62,0,0
1393,2012-10-19,14.91,17.6,14.9,17.06,0,0
1394,2012-10-18,15.25,15.5,14.68,15.03,0,0
1395,2012-10-17,15.43,15.63,14.9,15.07,0,0
1396,2012-10-16,14.84,15.23,14.5,15.22,0,0
1397,2012-10-15,16.05,16.21,15.23,15.27,0,0
1398,2012-10-12,15.41,16.18,14.96,16.14,0,0
1399,2012-10-11,15.33,15.8,15.31,15.59,0,0
1400,2012-10-10,16.52,16.79,16.13,16.29,0,0
1401,2012-10-09,15.28,16.4,15.18,16.37,0,0
1402,2012-10-08,15.19,15.46,15.04,15.11,0,0
1403,2012-10-05,13.68,14.78,13.67,14.33,0,0
1404,2012-10-04,15.23,15.33,14.53,14.55,0,0
1405,2012-10-03,15.63,16.02,15.13,15.43,0,0
1406,2012-10-02,15.85,16.5,15.7,15.71,0,0
1407,2012-09-28,15.23,15.77,14.95,15.73,0,0
1408,2012-09-27,16.38,16.5,14.83,14.84,0,0
1409,2012-09-26,15.83,17.08,15.83,16.81,0,0
1410,2012-09-25,14.19,15.72,14.03,15.43,0,0
1411,2012-09-24,15.06,15.06,13.87,14.15,0,0
1412,2012-09-21,13.94,14.18,13.69,13.98,0,0
1413,2012-09-20,14.63,14.67,14.07,14.07,0,0
1414,2012-09-19,13.95,14.08,13.61,13.88,0,0
1415,2012-09-18,14.51,14.88,13.97,14.18,0,0
1416,2012-09-17,14.67,14.92,14.38,14.59,0,0
1417,2012-09-14,13.82,14.71,13.51,14.51,0,0
1418,2012-09-13,15.6,16.54,13.91,14.05,0,0
1419,2012-09-12,15.59,16.31,15.43,15.8,0,0
1420,2012-09-11,16.11,16.41,15.46,16.41,0,0
1421,2012-09-10,14.27,16.28,13.97,16.28,0,0
1422,2012-09-07,15.6,15.6,14.33,14.38,0,0
1423,2012-09-06,17.3,17.3,15.6,15.6,0,0
1424,2012-09-05,17.38,17.84,16.99,17.74,0,0
1425,2012-09-04,18.65,18.96,17.85,17.98,0,0
1426,2012-08-31,17.25,18.04,16.56,17.47,0,0
1427,2012-08-30,17.48,18.05,17.44,17.83,0,0
1428,2012-08-29,16.61,17.06,16.5,17.06,0,0
1429,2012-08-28,16.32,16.92,16.01,16.49,0,0
1430,2012-08-27,16.15,16.38,15.75,16.35,0,0
1431,2012-08-24,15.99,16,15.18,15.18,0,0
1432,2012-08-23,15,16.45,15,15.96,0,0
1433,2012-08-22,15.32,15.52,14.75,15.11,0,0
1434,2012-08-21,14.1,15.44,13.46,15.02,0,0
1435,2012-08-20,14.11,14.78,13.38,14.02,0,0
1436,2012-08-17,14.23,14.3,13.3,13.45,0,0
1437,2012-08-16,14.88,15.15,14.28,14.29,0,0
1438,2012-08-15,14.82,14.98,14.36,14.63,0,0
1439,2012-08-14,13.91,15.06,13.91,14.85,0,0
1440,2012-08-13,14.09,14.67,13.67,13.7,0,0
1441,2012-08-10,15.34,15.5,14.73,14.74,0,0
1442,2012-08-09,15.39,15.67,15.28,15.28,0,0
1443,2012-08-08,16.46,16.47,15.27,15.32,0,0
1444,2012-08-07,15.55,16.03,15.48,15.99,0,0
1445,2012-08-03,16.05,16.45,15.64,15.64,0,0
1446,2012-08-02,19.05,19.25,17.56,17.57,0,0
1447,2012-08-01,18.8,19.18,18.2,18.96,0,0
1448,2012-07-31,18.4,19.09,18.26,18.93,0,0
1449,2012-07-30,17.55,18.08,17.23,18.03,0,0
1450,2012-07-27,17.11,17.3,16.52,16.7,0,0
1451,2012-07-26,17.68,18.47,17.07,17.53,0,0
1452,2012-07-25,19.79,20.67,18.99,19.34,0,0
1453,2012-07-24,18.38,21,18.37,20.47,0,0
1454,2012-07-23,20.41,20.49,18.34,18.62,0,0
1455,2012-07-20,16.65,17.05,15.97,16.27,0,0
1456,2012-07-19,16.06,16.7,15.45,15.45,0,0
1457,2012-07-18,16.81,16.81,15.69,16.16,0,0
1458,2012-07-17,16.72,17.46,16.09,16.48,0,0
1459,2012-07-16,17.31,17.32,16.46,17.11,0,0
1460,2012-07-13,17.78,17.82,16.36,16.74,0,0
1461,2012-07-12,18.82,19.51,17.75,18.33,0,0
1462,2012-07-11,17.98,19.17,17.84,17.95,0,0
1463,2012-07-10,17.51,19.19,17.29,18.72,0,0
1464,2012-07-09,18.17,18.32,17.73,17.98,0,0
1465,2012-07-06,18.2,18.25,16.95,17.1,0,0
1466,2012-07-05,17.61,18.22,17.18,17.5,0,0
1467,2012-07-03,16.67,16.92,16.27,16.66,0,0
1468,2012-07-02,17.62,18.19,16.66,16.8,0,0
1469,2012-06-29,17.52,19.71,16.87,17.08,0,0
